,Close,Volume
2021-08-16 09:30:00-04:00,146.80999755859375,33038478
2021-08-16 10:30:00-04:00,147.71499633789062,11857299
2021-08-16 11:30:00-04:00,148.63999938964844,8103369
2021-08-16 12:30:00-04:00,149.40499877929688,9806373
2021-08-16 13:30:00-04:00,150.43499755859375,12728408
2021-08-16 14:30:00-04:00,150.8350067138672,9136980
2021-08-16 15:30:00-04:00,151.125,9447344
2021-08-17 09:30:00-04:00,150.5675048828125,27905965
2021-08-17 10:30:00-04:00,150.66000366210938,12010851
2021-08-17 11:30:00-04:00,150.3000030517578,9450469
2021-08-17 12:30:00-04:00,149.6699981689453,9796878
2021-08-17 13:30:00-04:00,149.82000732421875,8332960
2021-08-17 14:30:00-04:00,149.97500610351562,8189187
2021-08-17 15:30:00-04:00,150.22999572753906,7540692
2021-08-18 09:30:00-04:00,149.77999877929688,17565796
2021-08-18 10:30:00-04:00,148.52999877929688,11127267
2021-08-18 11:30:00-04:00,148.6699981689453,9099803
2021-08-18 12:30:00-04:00,148.28720092773438,4987676
2021-08-18 13:30:00-04:00,148.49000549316406,10827441
2021-08-18 14:30:00-04:00,147.5,10094934
2021-08-18 15:30:00-04:00,146.36000061035156,14537132
2021-08-19 09:30:00-04:00,146.0500030517578,24764823
2021-08-19 10:30:00-04:00,146.42990112304688,10224759
2021-08-19 11:30:00-04:00,147.44500732421875,10105535
2021-08-19 12:30:00-04:00,146.96090698242188,7795915
2021-08-19 13:30:00-04:00,146.08999633789062,8202386
2021-08-19 14:30:00-04:00,147.22999572753906,9434215
2021-08-19 15:30:00-04:00,146.6699981689453,7259879
2021-08-20 09:30:00-04:00,148.0800018310547,17621635
2021-08-20 10:30:00-04:00,147.7550048828125,7409048
2021-08-20 11:30:00-04:00,147.8000030517578,6474789
2021-08-20 12:30:00-04:00,147.91769409179688,4379857
2021-08-20 13:30:00-04:00,147.72000122070312,4405041
2021-08-20 14:30:00-04:00,148.0847930908203,4758189
2021-08-20 15:30:00-04:00,148.19000244140625,6188690
2021-08-23 09:30:00-04:00,149.3249969482422,16268565
2021-08-23 10:30:00-04:00,149.64999389648438,7216167
2021-08-23 11:30:00-04:00,149.81399536132812,6231287
2021-08-23 12:30:00-04:00,149.70880126953125,7037230
2021-08-23 13:30:00-04:00,149.88999938964844,4700281
2021-08-23 14:30:00-04:00,149.96499633789062,5016440
2021-08-23 15:30:00-04:00,149.69000244140625,5441190
2021-08-24 09:30:00-04:00,150.4510955810547,16863411
2021-08-24 10:30:00-04:00,149.4801025390625,7233292
2021-08-24 11:30:00-04:00,149.69500732421875,6205099
2021-08-24 12:30:00-04:00,149.6157989501953,3718083
2021-08-24 13:30:00-04:00,149.5290069580078,3300215
2021-08-24 14:30:00-04:00,149.8000030517578,3834719
2021-08-24 15:30:00-04:00,149.6300048828125,4095049
2021-08-25 09:30:00-04:00,148.62539672851562,15348852
2021-08-25 10:30:00-04:00,148.5050048828125,9910979
2021-08-25 11:30:00-04:00,148.2397003173828,5739516
2021-08-25 12:30:00-04:00,148.02999877929688,5382265
2021-08-25 13:30:00-04:00,148.02999877929688,5985013
2021-08-25 14:30:00-04:00,148.3699951171875,5997596
2021-08-25 15:30:00-04:00,148.3699951171875,5316698
2021-08-26 09:30:00-04:00,147.89649963378906,13886354
2021-08-26 10:30:00-04:00,148.19349670410156,7740559
2021-08-26 11:30:00-04:00,148.63499450683594,5238916
2021-08-26 12:30:00-04:00,148.08999633789062,3945160
2021-08-26 13:30:00-04:00,147.97999572753906,3841245
2021-08-26 14:30:00-04:00,147.72000122070312,5043431
2021-08-26 15:30:00-04:00,147.5399932861328,5120780
2021-08-27 09:30:00-04:00,147.92999267578125,16764936
2021-08-27 10:30:00-04:00,147.78700256347656,7566497
2021-08-27 11:30:00-04:00,148.1999053955078,7617368
2021-08-27 12:30:00-04:00,148.58859252929688,4170088
2021-08-27 13:30:00-04:00,148.64500427246094,3782462
2021-08-27 14:30:00-04:00,148.53500366210938,3654333
2021-08-27 15:30:00-04:00,148.60000610351562,5302392
2021-08-30 09:30:00-04:00,151.7200927734375,25446440
2021-08-30 10:30:00-04:00,151.8970947265625,13714725
2021-08-30 11:30:00-04:00,152.50990295410156,9568142
2021-08-30 12:30:00-04:00,153.09840393066406,10732899
2021-08-30 13:30:00-04:00,153.1999969482422,8829434
2021-08-30 14:30:00-04:00,153.27999877929688,8529190
2021-08-30 15:30:00-04:00,153.10000610351562,7564878
2021-08-31 09:30:00-04:00,151.4611053466797,21191858
2021-08-31 10:30:00-04:00,151.87989807128906,8981766
2021-08-31 11:30:00-04:00,152.6750030517578,8618338
2021-08-31 12:30:00-04:00,152.11000061035156,6155644
2021-08-31 13:30:00-04:00,152.46640014648438,4432135
2021-08-31 14:30:00-04:00,151.9550018310547,6721747
2021-08-31 15:30:00-04:00,151.8300018310547,10424785
2021-09-01 09:30:00-04:00,154.69000244140625,26420891
2021-09-01 10:30:00-04:00,154.6699981689453,11760696
2021-09-01 11:30:00-04:00,154.02000427246094,6628046
2021-09-01 12:30:00-04:00,153.92990112304688,7203706
2021-09-01 13:30:00-04:00,153.2198944091797,5237503
2021-09-01 14:30:00-04:00,152.9550018310547,8305494
2021-09-01 15:30:00-04:00,152.5399932861328,8895003
2021-09-02 09:30:00-04:00,153.6649932861328,19439134
2021-09-02 10:30:00-04:00,153.91000366210938,8675465
2021-09-02 11:30:00-04:00,153.3350067138672,6170275
2021-09-02 12:30:00-04:00,152.82859802246094,6315240
2021-09-02 13:30:00-04:00,152.71780395507812,7640425
2021-09-02 14:30:00-04:00,153.5399932861328,10699939
2021-09-02 15:30:00-04:00,153.7100067138672,6295846
2021-09-03 09:30:00-04:00,154.05999755859375,20265043
2021-09-03 10:30:00-04:00,154.0814971923828,7296508
2021-09-03 11:30:00-04:00,154.03500366210938,4737511
2021-09-03 12:30:00-04:00,154.0399932861328,5054203
2021-09-03 13:30:00-04:00,153.89500427246094,4657134
2021-09-03 14:30:00-04:00,154.2449951171875,5331332
2021-09-03 15:30:00-04:00,154.30999755859375,5675878
2021-09-07 09:30:00-04:00,155.6501007080078,23301922
2021-09-07 10:30:00-04:00,155.47000122070312,11362909
2021-09-07 11:30:00-04:00,156.85000610351562,11385557
2021-09-07 12:30:00-04:00,156.8800048828125,9173047
2021-09-07 13:30:00-04:00,156.97000122070312,6010574
2021-09-07 14:30:00-04:00,156.8509979248047,7046194
2021-09-07 15:30:00-04:00,156.6999969482422,7632760
2021-09-08 09:30:00-04:00,155.44000244140625,20886478
2021-09-08 10:30:00-04:00,155.03500366210938,15303309
2021-09-08 11:30:00-04:00,154.75999450683594,8855269
2021-09-08 12:30:00-04:00,154.55499267578125,5767063
2021-09-08 13:30:00-04:00,154.80999755859375,6254000
2021-09-08 14:30:00-04:00,154.8350067138672,5019966
2021-09-08 15:30:00-04:00,155.11990356445312,5711639
2021-09-09 09:30:00-04:00,155.59500122070312,16930891
2021-09-09 10:30:00-04:00,154.80569458007812,8168995
2021-09-09 11:30:00-04:00,155.10000610351562,5077247
2021-09-09 12:30:00-04:00,154.49620056152344,4974368
2021-09-09 13:30:00-04:00,154.4250030517578,5536303
2021-09-09 14:30:00-04:00,154.2799072265625,5519770
2021-09-09 15:30:00-04:00,154.1199951171875,5823371
2021-09-10 09:30:00-04:00,154.77999877929688,15988087
2021-09-10 10:30:00-04:00,150.5,25220235
2021-09-10 11:30:00-04:00,150.0399932861328,41378806
2021-09-10 12:30:00-04:00,150.3199005126953,16834320
2021-09-10 13:30:00-04:00,149.81100463867188,10023242
2021-09-10 14:30:00-04:00,149.110107421875,11243211
2021-09-10 15:30:00-04:00,149.0,13157909
2021-09-13 09:30:00-04:00,149.6300048828125,30146926
2021-09-13 10:30:00-04:00,150.05999755859375,13014619
2021-09-13 11:30:00-04:00,149.77000427246094,11357758
2021-09-13 12:30:00-04:00,149.3000030517578,7263006
2021-09-13 13:30:00-04:00,148.91000366210938,8985291
2021-09-13 14:30:00-04:00,149.57989501953125,9765141
2021-09-13 15:30:00-04:00,149.6199951171875,7171516
2021-09-14 09:30:00-04:00,149.6988067626953,21183249
2021-09-14 10:30:00-04:00,149.82000732421875,9690260
2021-09-14 11:30:00-04:00,149.4409942626953,10710716
2021-09-14 12:30:00-04:00,148.94000244140625,14637321
2021-09-14 13:30:00-04:00,147.60000610351562,19177969
2021-09-14 14:30:00-04:00,147.27000427246094,13001092
2021-09-14 15:30:00-04:00,148.19000244140625,10681230
2021-09-15 09:30:00-04:00,146.60000610351562,22065225
2021-09-15 10:30:00-04:00,147.02099609375,10690222
2021-09-15 11:30:00-04:00,147.5800018310547,6696214
2021-09-15 12:30:00-04:00,148.1999969482422,8743721
2021-09-15 13:30:00-04:00,148.3300018310547,6119019
2021-09-15 14:30:00-04:00,149.0601043701172,8517928
2021-09-15 15:30:00-04:00,149.10000610351562,9662257
2021-09-16 09:30:00-04:00,147.76499938964844,17511967
2021-09-16 10:30:00-04:00,147.531005859375,9934345
2021-09-16 11:30:00-04:00,147.86500549316406,6837550
2021-09-16 12:30:00-04:00,147.95599365234375,4920571
2021-09-16 13:30:00-04:00,148.11000061035156,6724867
2021-09-16 14:30:00-04:00,148.5800018310547,7349092
2021-09-16 15:30:00-04:00,148.85000610351562,7126180
2021-09-17 09:30:00-04:00,147.08999633789062,36170003
2021-09-17 10:30:00-04:00,146.53500366210938,12199937
2021-09-17 11:30:00-04:00,146.57000732421875,9607300
2021-09-17 12:30:00-04:00,146.30430603027344,14102329
2021-09-17 13:30:00-04:00,145.9199981689453,8254895
2021-09-17 14:30:00-04:00,145.94500732421875,8792335
2021-09-17 15:30:00-04:00,146.02999877929688,10034985
2021-09-20 09:30:00-04:00,142.94000244140625,32139403
2021-09-20 10:30:00-04:00,143.08990478515625,12244567
2021-09-20 11:30:00-04:00,142.42999267578125,12312169
2021-09-20 12:30:00-04:00,142.35000610351562,11401204
2021-09-20 13:30:00-04:00,141.64999389648438,10338269
2021-09-20 14:30:00-04:00,142.0175018310547,15405540
2021-09-20 15:30:00-04:00,142.97000122070312,14084022
2021-09-21 09:30:00-04:00,143.7899932861328,22900475
2021-09-21 10:30:00-04:00,143.52000427246094,11376869
2021-09-21 11:30:00-04:00,144.0402069091797,8242951
2021-09-21 12:30:00-04:00,143.47500610351562,5779541
2021-09-21 13:30:00-04:00,143.23399353027344,6301732
2021-09-21 14:30:00-04:00,144.08999633789062,7660911
2021-09-21 15:30:00-04:00,143.39999389648438,6664985
2021-09-22 09:30:00-04:00,145.13999938964844,15715993
2021-09-22 10:30:00-04:00,145.08999633789062,7510583
2021-09-22 11:30:00-04:00,145.5,6863327
2021-09-22 12:30:00-04:00,145.27499389648438,5166231
2021-09-22 13:30:00-04:00,146.0850067138672,10588828
2021-09-22 14:30:00-04:00,146.1699981689453,12725328
2021-09-22 15:30:00-04:00,145.8300018310547,8725259
2021-09-23 09:30:00-04:00,146.7740936279297,19283282
2021-09-23 10:30:00-04:00,146.63999938964844,8754938
2021-09-23 11:30:00-04:00,146.59500122070312,7425143
2021-09-23 12:30:00-04:00,146.91119384765625,6042750
2021-09-23 13:30:00-04:00,146.77099609375,4563141
2021-09-23 14:30:00-04:00,146.80499267578125,5293814
2021-09-23 15:30:00-04:00,146.75,7457362
2021-09-24 09:30:00-04:00,146.1199951171875,14748297
2021-09-24 10:30:00-04:00,145.89999389648438,6574877
2021-09-24 11:30:00-04:00,146.56500244140625,5842997
2021-09-24 12:30:00-04:00,146.7801055908203,4411046
2021-09-24 13:30:00-04:00,146.82989501953125,3953766
2021-09-24 14:30:00-04:00,147.26499938964844,5357711
2021-09-24 15:30:00-04:00,146.91000366210938,7564326
2021-09-27 09:30:00-04:00,145.5749969482422,23709486
2021-09-27 10:30:00-04:00,144.9250030517578,8899772
2021-09-27 11:30:00-04:00,145.08999633789062,7871567
2021-09-27 12:30:00-04:00,145.4600067138672,5841403
2021-09-27 13:30:00-04:00,145.7100067138672,4726072
2021-09-27 14:30:00-04:00,145.55499267578125,6130376
2021-09-27 15:30:00-04:00,145.3800048828125,6555352
2021-09-28 09:30:00-04:00,143.7100067138672,25781308
2021-09-28 10:30:00-04:00,142.7135009765625,13631550
2021-09-28 11:30:00-04:00,142.76119995117188,11104090
2021-09-28 12:30:00-04:00,142.32989501953125,11673343
2021-09-28 13:30:00-04:00,142.54010009765625,9161847
2021-09-28 14:30:00-04:00,142.34500122070312,10348081
2021-09-28 15:30:00-04:00,141.9199981689453,12562515
2021-09-29 09:30:00-04:00,144.15499877929688,20627000
2021-09-29 10:30:00-04:00,143.6699981689453,9110495
2021-09-29 11:30:00-04:00,143.05999755859375,7259702
2021-09-29 12:30:00-04:00,143.0,6287338
2021-09-29 13:30:00-04:00,143.80999755859375,11156648
2021-09-29 14:30:00-04:00,143.57000732421875,6396480
2021-09-29 15:30:00-04:00,142.83999633789062,7664812
2021-09-30 09:30:00-04:00,143.03500366210938,16306710
2021-09-30 10:30:00-04:00,143.02999877929688,9775583
2021-09-30 11:30:00-04:00,141.4600067138672,13145153
2021-09-30 12:30:00-04:00,141.8249969482422,8560080
2021-09-30 13:30:00-04:00,142.65499877929688,7839834
2021-09-30 14:30:00-04:00,142.71499633789062,8973474
2021-09-30 15:30:00-04:00,141.32000732421875,13551744
2021-10-01 09:30:00-04:00,139.52999877929688,25104078
2021-10-01 10:30:00-04:00,140.00999450683594,14753805
2021-10-01 11:30:00-04:00,140.5059051513672,9059059
2021-10-01 12:30:00-04:00,140.7794952392578,6876303
2021-10-01 13:30:00-04:00,141.57000732421875,8728915
2021-10-01 14:30:00-04:00,142.25,8510501
2021-10-01 15:30:00-04:00,142.66000366210938,10791846
2021-10-04 09:30:00-04:00,139.8800048828125,19322233
2021-10-04 10:30:00-04:00,139.08999633789062,15804714
2021-10-04 11:30:00-04:00,138.52999877929688,11116721
2021-10-04 12:30:00-04:00,138.55999755859375,9971882
2021-10-04 13:30:00-04:00,138.7519073486328,9637912
2021-10-04 14:30:00-04:00,138.5850067138672,10819975
2021-10-04 15:30:00-04:00,139.1699981689453,11263288
2021-10-05 09:30:00-04:00,139.8699951171875,17804489
2021-10-05 10:30:00-04:00,141.10000610351562,12952343
2021-10-05 11:30:00-04:00,141.78500366210938,11131221
2021-10-05 12:30:00-04:00,141.76499938964844,7554755
2021-10-05 13:30:00-04:00,142.04550170898438,6287571
2021-10-05 14:30:00-04:00,141.64999389648438,6136853
2021-10-05 15:30:00-04:00,141.10000610351562,8348391
2021-10-06 09:30:00-04:00,140.02499389648438,24551015
2021-10-06 10:30:00-04:00,139.7075958251953,11209915
2021-10-06 11:30:00-04:00,139.8101043701172,8430055
2021-10-06 12:30:00-04:00,140.42880249023438,7466669
2021-10-06 13:30:00-04:00,141.42010498046875,9678789
2021-10-06 14:30:00-04:00,141.47500610351562,7223891
2021-10-06 15:30:00-04:00,141.99000549316406,7557716
2021-10-07 09:30:00-04:00,143.96499633789062,19744851
2021-10-07 10:30:00-04:00,143.8300018310547,7850916
2021-10-07 11:30:00-04:00,143.8350067138672,5737484
2021-10-07 12:30:00-04:00,144.0800018310547,5557046
2021-10-07 13:30:00-04:00,143.73500061035156,4904230
2021-10-07 14:30:00-04:00,143.77000427246094,5776951
2021-10-07 15:30:00-04:00,143.27999877929688,6557596
2021-10-08 09:30:00-04:00,143.73629760742188,14685756
2021-10-08 10:30:00-04:00,143.2899932861328,7391493
2021-10-08 11:30:00-04:00,142.8594970703125,6403899
2021-10-08 12:30:00-04:00,142.6699981689453,5419744
2021-10-08 13:30:00-04:00,143.2917022705078,5042837
2021-10-08 14:30:00-04:00,143.30079650878906,5212887
2021-10-08 15:30:00-04:00,143.00999450683594,5908249
2021-10-11 09:30:00-04:00,144.7010955810547,17448315
2021-10-11 10:30:00-04:00,144.4499969482422,12153519
2021-10-11 11:30:00-04:00,144.09500122070312,5997421
2021-10-11 12:30:00-04:00,143.5500030517578,5945488
2021-10-11 13:30:00-04:00,143.60000610351562,5059315
2021-10-11 14:30:00-04:00,143.17999267578125,5467707
2021-10-11 15:30:00-04:00,142.8000030517578,5580504
2021-10-12 09:30:00-04:00,141.7899932861328,17008722
2021-10-12 10:30:00-04:00,142.0,8409028
2021-10-12 11:30:00-04:00,142.4949951171875,9265589
2021-10-12 12:30:00-04:00,141.88119506835938,5589619
2021-10-12 13:30:00-04:00,142.25,4886938
2021-10-12 14:30:00-04:00,141.80999755859375,5061422
2021-10-12 15:30:00-04:00,141.4600067138672,8909728
2021-10-13 09:30:00-04:00,139.66000366210938,22492137
2021-10-13 10:30:00-04:00,139.60000610351562,8658570
2021-10-13 11:30:00-04:00,140.11810302734375,9389462
2021-10-13 12:30:00-04:00,140.42999267578125,5678516
2021-10-13 13:30:00-04:00,140.47000122070312,7487670
2021-10-13 14:30:00-04:00,140.42999267578125,7730472
2021-10-13 15:30:00-04:00,140.9600067138672,6970892
2021-10-14 09:30:00-04:00,142.97000122070312,18380423
2021-10-14 10:30:00-04:00,142.88780212402344,8088740
2021-10-14 11:30:00-04:00,143.28500366210938,7384786
2021-10-14 12:30:00-04:00,143.47500610351562,5245504
2021-10-14 13:30:00-04:00,143.72999572753906,4386412
2021-10-14 14:30:00-04:00,143.6199951171875,5994960
2021-10-14 15:30:00-04:00,143.75540161132812,7371352
2021-10-15 09:30:00-04:00,143.85499572753906,19997598
2021-10-15 10:30:00-04:00,144.1999969482422,8065764
2021-10-15 11:30:00-04:00,143.8699951171875,6023187
2021-10-15 12:30:00-04:00,144.25999450683594,6161883
2021-10-15 13:30:00-04:00,144.5050048828125,5466578
2021-10-15 14:30:00-04:00,144.67210388183594,6737638
2021-10-15 15:30:00-04:00,144.8300018310547,7341258
2021-10-18 09:30:00-04:00,144.47999572753906,21759327
2021-10-18 10:30:00-04:00,145.41000366210938,11045803
2021-10-18 11:30:00-04:00,145.27499389648438,7276615
2021-10-18 12:30:00-04:00,145.84500122070312,8693923
2021-10-18 13:30:00-04:00,145.78500366210938,7794272
2021-10-18 14:30:00-04:00,146.625,8034194
2021-10-18 15:30:00-04:00,146.5500030517578,8201703
2021-10-19 09:30:00-04:00,148.75999450683594,24069759
2021-10-19 10:30:00-04:00,148.38499450683594,13899143
2021-10-19 11:30:00-04:00,148.75990295410156,7623131
2021-10-19 12:30:00-04:00,148.88999938964844,6263260
2021-10-19 13:30:00-04:00,148.53500366210938,4807906
2021-10-19 14:30:00-04:00,148.4600067138672,6333632
2021-10-19 15:30:00-04:00,148.77999877929688,5931688
2021-10-20 09:30:00-04:00,149.4499969482422,17944568
2021-10-20 10:30:00-04:00,149.44000244140625,7838972
2021-10-20 11:30:00-04:00,149.19000244140625,6007580
2021-10-20 12:30:00-04:00,148.398193359375,6727245
2021-10-20 13:30:00-04:00,148.64999389648438,4493873
2021-10-20 14:30:00-04:00,148.84500122070312,4486940
2021-10-20 15:30:00-04:00,149.35000610351562,6327614
2021-10-21 09:30:00-04:00,149.51499938964844,17397353
2021-10-21 10:30:00-04:00,149.19000244140625,6357732
2021-10-21 11:30:00-04:00,148.73500061035156,11719284
2021-10-21 12:30:00-04:00,148.5449981689453,5260608
2021-10-21 13:30:00-04:00,148.69500732421875,3654331
2021-10-21 14:30:00-04:00,149.36000061035156,6392357
2021-10-21 15:30:00-04:00,149.4600067138672,5249423
2021-10-22 09:30:00-04:00,150.10499572753906,15642637
2021-10-22 10:30:00-04:00,149.22500610351562,8620764
2021-10-22 11:30:00-04:00,149.13999938964844,6957685
2021-10-22 12:30:00-04:00,149.01499938964844,4871447
2021-10-22 13:30:00-04:00,149.4250030517578,6312735
2021-10-22 14:30:00-04:00,148.94500732421875,5696114
2021-10-22 15:30:00-04:00,148.69000244140625,5688679
2021-10-25 09:30:00-04:00,147.9149932861328,13718616
2021-10-25 10:30:00-04:00,148.30999755859375,5899354
2021-10-25 11:30:00-04:00,148.63250732421875,6113541
2021-10-25 12:30:00-04:00,148.72500610351562,4087840
2021-10-25 13:30:00-04:00,148.88040161132812,3623177
2021-10-25 14:30:00-04:00,148.57249450683594,4784935
2021-10-25 15:30:00-04:00,148.64999389648438,4641601
2021-10-26 09:30:00-04:00,149.27999877929688,16749839
2021-10-26 10:30:00-04:00,149.94000244140625,7630880
2021-10-26 11:30:00-04:00,149.6562042236328,7756796
2021-10-26 12:30:00-04:00,149.5800018310547,5731091
2021-10-26 13:30:00-04:00,149.17999267578125,4751776
2021-10-26 14:30:00-04:00,149.33200073242188,4797170
2021-10-26 15:30:00-04:00,149.25999450683594,5253464
2021-10-27 09:30:00-04:00,148.7100067138672,14063007
2021-10-27 10:30:00-04:00,149.3350067138672,6229708
2021-10-27 11:30:00-04:00,149.3800048828125,5075853
2021-10-27 12:30:00-04:00,149.63499450683594,4113969
2021-10-27 13:30:00-04:00,149.55999755859375,3947851
2021-10-27 14:30:00-04:00,149.19000244140625,5689203
2021-10-27 15:30:00-04:00,148.85000610351562,5287864
2021-10-28 09:30:00-04:00,152.44500732421875,26387817
2021-10-28 10:30:00-04:00,153.09500122070312,13332810
2021-10-28 11:30:00-04:00,152.6649932861328,9573772
2021-10-28 12:30:00-04:00,152.4073944091797,6448567
2021-10-28 13:30:00-04:00,152.78419494628906,6540732
2021-10-28 14:30:00-04:00,152.34500122070312,7658855
2021-10-28 15:30:00-04:00,152.47659301757812,9654030
2021-10-29 09:30:00-04:00,147.0500030517578,42891492
2021-10-29 10:30:00-04:00,147.94000244140625,13103401
2021-10-29 11:30:00-04:00,149.36000061035156,13969725
2021-10-29 12:30:00-04:00,149.11000061035156,9843920
2021-10-29 13:30:00-04:00,148.94000244140625,9020825
2021-10-29 14:30:00-04:00,149.4949951171875,9193649
2021-10-29 15:30:00-04:00,149.8000030517578,10096388
2021-11-01 09:30:00-04:00,148.78199768066406,26441730
2021-11-01 10:30:00-04:00,148.83999633789062,7808650
2021-11-01 11:30:00-04:00,148.78500366210938,6114547
2021-11-01 12:30:00-04:00,148.80999755859375,6160470
2021-11-01 13:30:00-04:00,148.375,5522842
2021-11-01 14:30:00-04:00,148.78199768066406,5803200
2021-11-01 15:30:00-04:00,148.99000549316406,6962109
2021-11-02 09:30:00-04:00,150.06979370117188,18957409
2021-11-02 10:30:00-04:00,151.14999389648438,11065075
2021-11-02 11:30:00-04:00,150.99000549316406,8833396
2021-11-02 12:30:00-04:00,151.03500366210938,6136644
2021-11-02 13:30:00-04:00,150.5050048828125,5544538
2021-11-02 14:30:00-04:00,150.27499389648438,5723173
2021-11-02 15:30:00-04:00,150.0,6566100
2021-11-03 09:30:00-04:00,150.61500549316406,11533853
2021-11-03 10:30:00-04:00,150.36000061035156,5350657
2021-11-03 11:30:00-04:00,150.55999755859375,3580708
2021-11-03 12:30:00-04:00,150.32000732421875,2967955
2021-11-03 13:30:00-04:00,150.84500122070312,6547603
2021-11-03 14:30:00-04:00,151.49000549316406,7900049
2021-11-03 15:30:00-04:00,151.47999572753906,6866070
2021-11-04 09:30:00-04:00,151.74000549316406,14260418
2021-11-04 10:30:00-04:00,151.10499572753906,8938561
2021-11-04 11:30:00-04:00,151.32000732421875,6446324
2021-11-04 12:30:00-04:00,151.22000122070312,4759416
2021-11-04 13:30:00-04:00,151.13499450683594,4921713
2021-11-04 14:30:00-04:00,151.44000244140625,4631628
2021-11-04 15:30:00-04:00,150.9600067138672,6470261
2021-11-05 09:30:00-04:00,151.22999572753906,15320625
2021-11-05 10:30:00-04:00,150.94960021972656,9570554
2021-11-05 11:30:00-04:00,150.93499755859375,4729024
2021-11-05 12:30:00-04:00,150.08999633789062,5475370
2021-11-05 13:30:00-04:00,150.4499969482422,6653667
2021-11-05 14:30:00-04:00,150.81500244140625,5605853
2021-11-05 15:30:00-04:00,151.24000549316406,7644147
2021-11-08 09:30:00-05:00,151.02000427246094,23215094
2021-11-08 10:30:00-05:00,150.6685028076172,6183905
2021-11-08 11:30:00-05:00,150.4499969482422,5397628
2021-11-08 12:30:00-05:00,150.8800048828125,3619212
2021-11-08 13:30:00-05:00,150.52499389648438,3291819
2021-11-08 14:30:00-05:00,150.47500610351562,3281042
2021-11-08 15:30:00-05:00,150.4499969482422,4471212
2021-11-09 09:30:00-05:00,150.6300048828125,17705573
2021-11-09 10:30:00-05:00,150.61000061035156,6493737
2021-11-09 11:30:00-05:00,150.6999969482422,5220977
2021-11-09 12:30:00-05:00,151.0050048828125,4515211
2021-11-09 13:30:00-05:00,150.6999969482422,4100891
2021-11-09 14:30:00-05:00,150.6699981689453,4042623
2021-11-09 15:30:00-05:00,150.8300018310547,4759947
2021-11-10 09:30:00-05:00,149.00999450683594,21294212
2021-11-10 10:30:00-05:00,148.86000061035156,5859609
2021-11-10 11:30:00-05:00,148.97999572753906,4176148
2021-11-10 12:30:00-05:00,148.82699584960938,5080199
2021-11-10 13:30:00-05:00,148.17990112304688,5496542
2021-11-10 14:30:00-05:00,148.05499267578125,7687028
2021-11-10 15:30:00-05:00,147.9199981689453,7164231
2021-11-11 09:30:00-05:00,148.42999267578125,10544554
2021-11-11 10:30:00-05:00,148.32000732421875,5133531
2021-11-11 11:30:00-05:00,148.02000427246094,4736907
2021-11-11 12:30:00-05:00,147.7899932861328,3846912
2021-11-11 13:30:00-05:00,147.93499755859375,3670262
2021-11-11 14:30:00-05:00,147.99000549316406,4287142
2021-11-11 15:30:00-05:00,147.8699951171875,4645528
2021-11-12 09:30:00-05:00,148.25,13360648
2021-11-12 10:30:00-05:00,149.94500732421875,11491903
2021-11-12 11:30:00-05:00,149.79010009765625,6730847
2021-11-12 12:30:00-05:00,149.69000244140625,7214990
2021-11-12 13:30:00-05:00,149.75999450683594,5403938
2021-11-12 14:30:00-05:00,150.1750030517578,4847813
2021-11-12 15:30:00-05:00,149.99000549316406,6337539
2021-11-15 09:30:00-05:00,150.44090270996094,15416908
2021-11-15 10:30:00-05:00,150.05999755859375,6870548
2021-11-15 11:30:00-05:00,149.66990661621094,6540648
2021-11-15 12:30:00-05:00,150.02999877929688,4041529
2021-11-15 13:30:00-05:00,149.875,3501164
2021-11-15 14:30:00-05:00,150.2200927734375,4653118
2021-11-15 15:30:00-05:00,150.0,5203911
2021-11-16 09:30:00-05:00,149.3699951171875,12895234
2021-11-16 10:30:00-05:00,151.0850067138672,8954138
2021-11-16 11:30:00-05:00,151.1300048828125,8454806
2021-11-16 12:30:00-05:00,151.0675048828125,3873122
2021-11-16 13:30:00-05:00,151.14100646972656,4588424
2021-11-16 14:30:00-05:00,151.04949951171875,4079818
2021-11-16 15:30:00-05:00,151.0,5158571
2021-11-17 09:30:00-05:00,152.50999450683594,19906833
2021-11-17 10:30:00-05:00,154.37289428710938,14968604
2021-11-17 11:30:00-05:00,154.10499572753906,14334173
2021-11-17 12:30:00-05:00,154.36000061035156,8150116
2021-11-17 13:30:00-05:00,154.19000244140625,6182587
2021-11-17 14:30:00-05:00,153.89999389648438,7470130
2021-11-17 15:30:00-05:00,153.64999389648438,9234372
2021-11-18 09:30:00-05:00,154.1699981689453,30718663
2021-11-18 10:30:00-05:00,154.0800018310547,7608281
2021-11-18 11:30:00-05:00,156.4990997314453,14482345
2021-11-18 12:30:00-05:00,157.43499755859375,31366462
2021-11-18 13:30:00-05:00,157.93670654296875,15138333
2021-11-18 14:30:00-05:00,157.9084930419922,10684885
2021-11-18 15:30:00-05:00,157.88999938964844,15782546
2021-11-19 09:30:00-05:00,158.16000366210938,31206022
2021-11-19 10:30:00-05:00,159.84979248046875,15312176
2021-11-19 11:30:00-05:00,159.9250030517578,14199386
2021-11-19 12:30:00-05:00,159.9550018310547,11845393
2021-11-19 13:30:00-05:00,160.71490478515625,11275759
2021-11-19 14:30:00-05:00,160.49000549316406,10528753
2021-11-19 15:30:00-05:00,160.55999755859375,12697790
2021-11-22 09:30:00-05:00,165.30999755859375,40686388
2021-11-22 10:30:00-05:00,164.43499755859375,17747784
2021-11-22 11:30:00-05:00,163.38499450683594,16052996
2021-11-22 12:30:00-05:00,163.36459350585938,9647155
2021-11-22 13:30:00-05:00,164.0050048828125,6573137
2021-11-22 14:30:00-05:00,163.5614013671875,6593286
2021-11-22 15:30:00-05:00,161.0800018310547,12340291
2021-11-23 09:30:00-05:00,159.6649932861328,23882066
2021-11-23 10:30:00-05:00,160.25999450683594,13083473
2021-11-23 11:30:00-05:00,160.2200927734375,12228378
2021-11-23 12:30:00-05:00,159.30999755859375,8303589
2021-11-23 13:30:00-05:00,160.0449981689453,10799502
2021-11-23 14:30:00-05:00,160.72999572753906,10292687
2021-11-23 15:30:00-05:00,161.41000366210938,9064841
2021-11-24 09:30:00-05:00,160.38499450683594,17793748
2021-11-24 10:30:00-05:00,161.75,10501808
2021-11-24 11:30:00-05:00,161.12010192871094,7884810
2021-11-24 12:30:00-05:00,161.35000610351562,6421879
2021-11-24 13:30:00-05:00,160.69149780273438,6265820
2021-11-24 14:30:00-05:00,161.33749389648438,5880969
2021-11-24 15:30:00-05:00,161.94000244140625,7923993
2021-11-26 09:30:00-05:00,158.13999938964844,24182950
2021-11-26 10:30:00-05:00,157.44000244140625,14903791
2021-11-26 11:30:00-05:00,157.75999450683594,11989884
2021-11-26 13:00:00-05:00,157.4499969482422,0
2021-11-29 09:30:00-05:00,159.40989685058594,24800126
2021-11-29 10:30:00-05:00,159.52000427246094,10627158
2021-11-29 11:30:00-05:00,160.55499267578125,9124482
2021-11-29 12:30:00-05:00,160.6750030517578,6962918
2021-11-29 13:30:00-05:00,160.48500061035156,6964582
2021-11-29 14:30:00-05:00,160.34500122070312,7115874
2021-11-29 15:30:00-05:00,160.22999572753906,13115029
2021-11-30 09:30:00-05:00,164.05999755859375,30227337
2021-11-30 10:30:00-05:00,163.10000610351562,28373093
2021-11-30 11:30:00-05:00,163.4499969482422,18461416
2021-11-30 12:30:00-05:00,163.75889587402344,12421191
2021-11-30 13:30:00-05:00,164.50999450683594,14607270
2021-11-30 14:30:00-05:00,163.50999450683594,15455717
2021-11-30 15:30:00-05:00,165.42999267578125,19090695
2021-12-01 09:30:00-05:00,167.6199951171875,35887633
2021-12-01 10:30:00-05:00,169.8448028564453,23651425
2021-12-01 11:30:00-05:00,169.89999389648438,14995901
2021-12-01 12:30:00-05:00,169.36990356445312,16367440
2021-12-01 13:30:00-05:00,167.94000244140625,15632233
2021-12-01 14:30:00-05:00,165.57000732421875,17054384
2021-12-01 15:30:00-05:00,164.6699981689453,15502145
2021-12-02 09:30:00-05:00,160.14010620117188,43178629
2021-12-02 10:30:00-05:00,161.96499633789062,19520876
2021-12-02 11:30:00-05:00,163.42999267578125,16610759
2021-12-02 12:30:00-05:00,162.83999633789062,13527840
2021-12-02 13:30:00-05:00,163.77999877929688,11503150
2021-12-02 14:30:00-05:00,163.4600067138672,10432352
2021-12-02 15:30:00-05:00,163.7899932861328,10656094
2021-12-03 09:30:00-05:00,163.68499755859375,26568718
2021-12-03 10:30:00-05:00,162.42999267578125,16136375
2021-12-03 11:30:00-05:00,161.44000244140625,15347367
2021-12-03 12:30:00-05:00,160.85000610351562,10155450
2021-12-03 13:30:00-05:00,160.47999572753906,12794260
2021-12-03 14:30:00-05:00,160.3800048828125,10973393
2021-12-03 15:30:00-05:00,161.85000610351562,11561561
2021-12-06 09:30:00-05:00,165.94000244140625,39374425
2021-12-06 10:30:00-05:00,165.25999450683594,12707531
2021-12-06 11:30:00-05:00,166.25,8634845
2021-12-06 12:30:00-05:00,166.27000427246094,7754158
2021-12-06 13:30:00-05:00,165.7301025390625,6963302
2021-12-06 14:30:00-05:00,165.35009765625,7385627
2021-12-06 15:30:00-05:00,165.2899932861328,8126152
2021-12-07 09:30:00-05:00,170.38999938964844,32939027
2021-12-07 10:30:00-05:00,170.58819580078125,14991250
2021-12-07 11:30:00-05:00,171.5124969482422,12120043
2021-12-07 12:30:00-05:00,170.86000061035156,8415694
2021-12-07 13:30:00-05:00,169.92849731445312,9378335
2021-12-07 14:30:00-05:00,170.11000061035156,9385525
2021-12-07 15:30:00-05:00,171.2100067138672,15309660
2021-12-08 09:30:00-05:00,173.80499267578125,35409703
2021-12-08 10:30:00-05:00,174.3699951171875,17046889
2021-12-08 11:30:00-05:00,173.94000244140625,11881029
2021-12-08 12:30:00-05:00,174.27000427246094,6821834
2021-12-08 13:30:00-05:00,175.7100067138672,12324024
2021-12-08 14:30:00-05:00,174.35000610351562,12388986
2021-12-08 15:30:00-05:00,175.00999450683594,10466467
2021-12-09 09:30:00-05:00,174.0399932861328,30419052
2021-12-09 10:30:00-05:00,175.59030151367188,18491562
2021-12-09 11:30:00-05:00,175.11500549316406,10678494
2021-12-09 12:30:00-05:00,175.32000732421875,8995599
2021-12-09 13:30:00-05:00,175.6999969482422,8615286
2021-12-09 14:30:00-05:00,174.94000244140625,10075652
2021-12-09 15:30:00-05:00,174.6199951171875,10185873
2021-12-10 09:30:00-05:00,176.91000366210938,27767650
2021-12-10 10:30:00-05:00,176.30499267578125,14822791
2021-12-10 11:30:00-05:00,176.9499969482422,11853609
2021-12-10 12:30:00-05:00,177.6199951171875,10372634
2021-12-10 13:30:00-05:00,177.8300018310547,8597330
2021-12-10 14:30:00-05:00,177.9250030517578,14462141
2021-12-10 15:30:00-05:00,179.5,15307986
2021-12-13 09:30:00-05:00,178.95970153808594,43507773
2021-12-13 10:30:00-05:00,177.9600067138672,25364503
2021-12-13 11:30:00-05:00,179.08999633789062,17952882
2021-12-13 12:30:00-05:00,177.77000427246094,11268936
2021-12-13 13:30:00-05:00,178.2550048828125,11092338
2021-12-13 14:30:00-05:00,177.19020080566406,10811796
2021-12-13 15:30:00-05:00,175.80999755859375,16528119
2021-12-14 09:30:00-05:00,174.50999450683594,33945965
2021-12-14 10:30:00-05:00,173.49000549316406,21365146
2021-12-14 11:30:00-05:00,172.55999755859375,11763175
2021-12-14 12:30:00-05:00,173.65499877929688,12132696
2021-12-14 13:30:00-05:00,174.1699981689453,8718249
2021-12-14 14:30:00-05:00,175.37069702148438,10786711
2021-12-14 15:30:00-05:00,174.33999633789062,13315672
2021-12-15 09:30:00-05:00,173.6649932861328,23011905
2021-12-15 10:30:00-05:00,173.18499755859375,9540399
2021-12-15 11:30:00-05:00,173.0428924560547,10161730
2021-12-15 12:30:00-05:00,173.5572967529297,8208057
2021-12-15 13:30:00-05:00,176.1699981689453,20679283
2021-12-15 14:30:00-05:00,178.75999450683594,27780935
2021-12-15 15:30:00-05:00,179.30999755859375,13208465
2021-12-16 09:30:00-05:00,175.94000244140625,40639303
2021-12-16 10:30:00-05:00,175.14999389648438,16989705
2021-12-16 11:30:00-05:00,174.55760192871094,12828170
2021-12-16 12:30:00-05:00,174.0388946533203,13263904
2021-12-16 13:30:00-05:00,172.0800018310547,14926686
2021-12-16 14:30:00-05:00,171.94000244140625,21405215
2021-12-16 15:30:00-05:00,172.25,18247985
2021-12-17 09:30:00-05:00,170.36000061035156,42103285
2021-12-17 10:30:00-05:00,173.13499450683594,18603947
2021-12-17 11:30:00-05:00,170.7458038330078,21499172
2021-12-17 12:30:00-05:00,171.89999389648438,12872541
2021-12-17 13:30:00-05:00,171.85000610351562,13372937
2021-12-17 14:30:00-05:00,171.73500061035156,13088389
2021-12-17 15:30:00-05:00,170.86000061035156,14877576
2021-12-20 09:30:00-05:00,167.94500732421875,26790703
2021-12-20 10:30:00-05:00,168.72999572753906,14012592
2021-12-20 11:30:00-05:00,170.10499572753906,12464735
2021-12-20 12:30:00-05:00,169.42160034179688,9234913
2021-12-20 13:30:00-05:00,169.59840393066406,9490330
2021-12-20 14:30:00-05:00,169.77999877929688,9268551
2021-12-20 15:30:00-05:00,169.91000366210938,10243967
2021-12-21 09:30:00-05:00,169.57290649414062,21794239
2021-12-21 10:30:00-05:00,170.29910278320312,10926527
2021-12-21 11:30:00-05:00,171.48500061035156,9628582
2021-12-21 12:30:00-05:00,170.96119689941406,7513019
2021-12-21 13:30:00-05:00,172.0800018310547,8356597
2021-12-21 14:30:00-05:00,172.57699584960938,11188689
2021-12-21 15:30:00-05:00,172.97999572753906,8215582
2021-12-22 09:30:00-05:00,173.625,21354529
2021-12-22 10:30:00-05:00,173.85960388183594,13553446
2021-12-22 11:30:00-05:00,174.3699951171875,9178905
2021-12-22 12:30:00-05:00,174.2100067138672,6241142
2021-12-22 13:30:00-05:00,173.71029663085938,6168983
2021-12-22 14:30:00-05:00,174.9250030517578,10815989
2021-12-22 15:30:00-05:00,175.6300048828125,9538524
2021-12-23 09:30:00-05:00,176.44129943847656,17847364
2021-12-23 10:30:00-05:00,175.71609497070312,8233006
2021-12-23 11:30:00-05:00,175.9822998046875,7640448
2021-12-23 12:30:00-05:00,176.19000244140625,5620452
2021-12-23 13:30:00-05:00,176.05999755859375,5111011
2021-12-23 14:30:00-05:00,176.21499633789062,7092348
2021-12-23 15:30:00-05:00,176.2899932861328,8565947
2021-12-27 09:30:00-05:00,177.6199951171875,17644233
2021-12-27 10:30:00-05:00,178.72500610351562,9722024
2021-12-27 11:30:00-05:00,179.32220458984375,7597198
2021-12-27 12:30:00-05:00,179.60009765625,6958511
2021-12-27 13:30:00-05:00,180.125,8246181
2021-12-27 14:30:00-05:00,179.91000366210938,7847404
2021-12-27 15:30:00-05:00,180.3300018310547,8154399
2021-12-28 09:30:00-05:00,179.2097930908203,19770243
2021-12-28 10:30:00-05:00,179.97999572753906,14168883
2021-12-28 11:30:00-05:00,179.75999450683594,9605610
2021-12-28 12:30:00-05:00,179.94769287109375,8336339
2021-12-28 13:30:00-05:00,179.38999938964844,7003489
2021-12-28 14:30:00-05:00,179.30499267578125,6113203
2021-12-28 15:30:00-05:00,179.38999938964844,7977605
2021-12-29 09:30:00-05:00,179.19219970703125,18912340
2021-12-29 10:30:00-05:00,179.27000427246094,8613773
2021-12-29 11:30:00-05:00,178.87350463867188,7038988
2021-12-29 12:30:00-05:00,179.09779357910156,4667250
2021-12-29 13:30:00-05:00,179.4174041748047,4475221
2021-12-29 14:30:00-05:00,179.47140502929688,6111571
2021-12-29 15:30:00-05:00,179.3800048828125,6023253
2021-12-30 09:30:00-05:00,180.3175048828125,16068547
2021-12-30 10:30:00-05:00,180.0157928466797,8769713
2021-12-30 11:30:00-05:00,179.7158966064453,5730344
2021-12-30 12:30:00-05:00,179.35150146484375,5345801
2021-12-30 13:30:00-05:00,178.97500610351562,6403856
2021-12-30 14:30:00-05:00,178.9600067138672,5491950
2021-12-30 15:30:00-05:00,178.25,8005903
2021-12-31 09:30:00-05:00,178.26019287109375,12647219
2021-12-31 10:30:00-05:00,178.36000061035156,6323232
2021-12-31 11:30:00-05:00,177.50999450683594,5569354
2021-12-31 12:30:00-05:00,177.6300048828125,4919931
2021-12-31 13:30:00-05:00,177.39999389648438,5318300
2021-12-31 14:30:00-05:00,177.84500122070312,8925144
2021-12-31 15:30:00-05:00,177.61000061035156,9388643
2022-01-03 09:30:00-05:00,180.83999633789062,25170269
2022-01-03 10:30:00-05:00,181.74989318847656,11976542
2022-01-03 11:30:00-05:00,181.60000610351562,8143152
2022-01-03 12:30:00-05:00,182.22970581054688,8407914
2022-01-03 13:30:00-05:00,181.86500549316406,11618629
2022-01-03 14:30:00-05:00,182.14500427246094,7902094
2022-01-03 15:30:00-05:00,182.0,10255091
2022-01-04 09:30:00-05:00,182.25,23110849
2022-01-04 10:30:00-05:00,179.94000244140625,18656277
2022-01-04 11:30:00-05:00,180.02999877929688,10817169
2022-01-04 12:30:00-05:00,179.5,8383086
2022-01-04 13:30:00-05:00,179.4969940185547,6667826
2022-01-04 14:30:00-05:00,180.11000061035156,8899951
2022-01-04 15:30:00-05:00,179.66000366210938,7054483
2022-01-05 09:30:00-05:00,178.92999267578125,18608209
2022-01-05 10:30:00-05:00,179.30499267578125,7630022
2022-01-05 11:30:00-05:00,179.1300048828125,6959782
2022-01-05 12:30:00-05:00,178.27000427246094,8111610
2022-01-05 13:30:00-05:00,177.08999633789062,10048972
2022-01-05 14:30:00-05:00,176.34030151367188,16263138
2022-01-05 15:30:00-05:00,174.8350067138672,14986383
2022-01-06 09:30:00-05:00,173.52000427246094,28659750
2022-01-06 10:30:00-05:00,173.1999969482422,13754005
2022-01-06 11:30:00-05:00,173.0345001220703,8887889
2022-01-06 12:30:00-05:00,172.77000427246094,7258642
2022-01-06 13:30:00-05:00,172.97000122070312,6908768
2022-01-06 14:30:00-05:00,172.5740966796875,8410552
2022-01-06 15:30:00-05:00,172.00999450683594,10607468
2022-01-07 09:30:00-05:00,172.18499755859375,21573574
2022-01-07 10:30:00-05:00,171.77999877929688,11569231
2022-01-07 11:30:00-05:00,172.1999969482422,8028952
2022-01-07 12:30:00-05:00,172.1699981689453,10650087
2022-01-07 13:30:00-05:00,172.1300048828125,6750469
2022-01-07 14:30:00-05:00,173.02000427246094,8653208
2022-01-07 15:30:00-05:00,172.25,8297866
2022-01-10 09:30:00-05:00,168.72999572753906,28425994
2022-01-10 10:30:00-05:00,169.9250030517578,13370002
2022-01-10 11:30:00-05:00,168.9167022705078,9475502
2022-01-10 12:30:00-05:00,170.6199951171875,9891013
2022-01-10 13:30:00-05:00,170.7949981689453,9783811
2022-01-10 14:30:00-05:00,170.58999633789062,9748679
2022-01-10 15:30:00-05:00,172.16000366210938,10631684
2022-01-11 09:30:00-05:00,172.1999969482422,17319103
2022-01-11 10:30:00-05:00,174.07339477539062,13640451
2022-01-11 11:30:00-05:00,174.0,11239110
2022-01-11 12:30:00-05:00,174.44500732421875,5906445
2022-01-11 13:30:00-05:00,174.4600067138672,4852878
2022-01-11 14:30:00-05:00,174.8302001953125,7822768
2022-01-11 15:30:00-05:00,175.08999633789062,7826037
2022-01-12 09:30:00-05:00,176.75999450683594,20311900
2022-01-12 10:30:00-05:00,175.63999938964844,12908456
2022-01-12 11:30:00-05:00,175.7790069580078,7830530
2022-01-12 12:30:00-05:00,175.68499755859375,6481815
2022-01-12 13:30:00-05:00,175.6999969482422,5962562
2022-01-12 14:30:00-05:00,175.4600067138672,5971923
2022-01-12 15:30:00-05:00,175.61000061035156,7029706
2022-01-13 09:30:00-05:00,175.5800018310547,16511085
2022-01-13 10:30:00-05:00,175.05999755859375,11561290
2022-01-13 11:30:00-05:00,173.61000061035156,9552329
2022-01-13 12:30:00-05:00,173.56719970703125,8764407
2022-01-13 13:30:00-05:00,173.5500030517578,6510770
2022-01-13 14:30:00-05:00,173.23989868164062,8228842
2022-01-13 15:30:00-05:00,172.32000732421875,10966892
2022-01-14 09:30:00-05:00,172.69500732421875,21275052
2022-01-14 10:30:00-05:00,171.7100067138672,12294932
2022-01-14 11:30:00-05:00,172.1199951171875,7594772
2022-01-14 12:30:00-05:00,171.38999938964844,7075833
2022-01-14 13:30:00-05:00,171.92999267578125,7422004
2022-01-14 14:30:00-05:00,172.4949951171875,7160640
2022-01-14 15:30:00-05:00,173.07000732421875,7224534
2022-01-18 09:30:00-05:00,172.30999755859375,22062958
2022-01-18 10:30:00-05:00,170.5699005126953,9238499
2022-01-18 11:30:00-05:00,170.0,9246497
2022-01-18 12:30:00-05:00,169.7550048828125,7831290
2022-01-18 13:30:00-05:00,170.16000366210938,8604513
2022-01-18 14:30:00-05:00,170.33999633789062,8120734
2022-01-18 15:30:00-05:00,169.8300018310547,10474142
2022-01-19 09:30:00-05:00,169.8699951171875,18396939
2022-01-19 10:30:00-05:00,167.77999877929688,14860655
2022-01-19 11:30:00-05:00,169.0399932861328,10965653
2022-01-19 12:30:00-05:00,168.810302734375,8382364
2022-01-19 13:30:00-05:00,167.64999389648438,8170637
2022-01-19 14:30:00-05:00,167.50999450683594,9608358
2022-01-19 15:30:00-05:00,166.2100067138672,11955031
2022-01-20 09:30:00-05:00,169.22999572753906,19181838
2022-01-20 10:30:00-05:00,169.35000610351562,9252283
2022-01-20 11:30:00-05:00,169.10000610351562,8884453
2022-01-20 12:30:00-05:00,167.60000610351562,7758353
2022-01-20 13:30:00-05:00,166.64010620117188,9169710
2022-01-20 14:30:00-05:00,165.84500122070312,11023737
2022-01-20 15:30:00-05:00,164.52000427246094,13853049
2022-01-21 09:30:00-05:00,164.30999755859375,31999590
2022-01-21 10:30:00-05:00,165.9499969482422,18035339
2022-01-21 11:30:00-05:00,163.72999572753906,12105168
2022-01-21 12:30:00-05:00,163.75,9761248
2022-01-21 13:30:00-05:00,163.3699951171875,9826783
2022-01-21 14:30:00-05:00,162.86000061035156,14436018
2022-01-21 15:30:00-05:00,162.3300018310547,14313050
2022-01-24 09:30:00-05:00,158.89999389648438,40000130
2022-01-24 10:30:00-05:00,158.35000610351562,18589603
2022-01-24 11:30:00-05:00,155.64999389648438,23957771
2022-01-24 12:30:00-05:00,157.02999877929688,17701094
2022-01-24 13:30:00-05:00,157.1999969482422,15330958
2022-01-24 14:30:00-05:00,158.5,14633362
2022-01-24 15:30:00-05:00,162.1300048828125,14928034
2022-01-25 09:30:00-05:00,158.80999755859375,23057006
2022-01-25 10:30:00-05:00,158.5800018310547,13075597
2022-01-25 11:30:00-05:00,158.67999267578125,11024230
2022-01-25 12:30:00-05:00,159.3874053955078,8577293
2022-01-25 13:30:00-05:00,161.72000122070312,12583480
2022-01-25 14:30:00-05:00,160.6699981689453,14286579
2022-01-25 15:30:00-05:00,159.8800048828125,11778148
2022-01-26 09:30:00-05:00,161.75999450683594,21024710
2022-01-26 10:30:00-05:00,162.6999969482422,11087191
2022-01-26 11:30:00-05:00,162.92999267578125,7462794
2022-01-26 12:30:00-05:00,162.87379455566406,8522871
2022-01-26 13:30:00-05:00,163.0800018310547,13035854
2022-01-26 14:30:00-05:00,159.60000610351562,21839260
2022-01-26 15:30:00-05:00,159.75,12649188
2022-01-27 09:30:00-05:00,162.61000061035156,22055743
2022-01-27 10:30:00-05:00,162.3300018310547,12959035
2022-01-27 11:30:00-05:00,161.1446075439453,11838250
2022-01-27 12:30:00-05:00,158.77999877929688,14016024
2022-01-27 13:30:00-05:00,159.07000732421875,12651871
2022-01-27 14:30:00-05:00,158.7949981689453,13505645
2022-01-27 15:30:00-05:00,159.1999969482422,13779352
2022-01-28 09:30:00-05:00,165.44960021972656,53210999
2022-01-28 10:30:00-05:00,167.89999389648438,25920264
2022-01-28 11:30:00-05:00,168.2357940673828,18082006
2022-01-28 12:30:00-05:00,168.27000427246094,13439804
2022-01-28 13:30:00-05:00,166.94500732421875,14389539
2022-01-28 14:30:00-05:00,168.710205078125,16645503
2022-01-28 15:30:00-05:00,170.3498992919922,22144921
2022-01-31 09:30:00-05:00,172.6199951171875,32319910
2022-01-31 10:30:00-05:00,172.57000732421875,13326729
2022-01-31 11:30:00-05:00,172.63499450683594,10083567
2022-01-31 12:30:00-05:00,173.02999877929688,7643318
2022-01-31 13:30:00-05:00,173.6199951171875,8222485
2022-01-31 14:30:00-05:00,173.2899932861328,9974632
2022-01-31 15:30:00-05:00,174.8000030517578,16386380
2022-02-01 09:30:00-05:00,172.89999389648438,22812848
2022-02-01 10:30:00-05:00,173.97999572753906,11363749
2022-02-01 11:30:00-05:00,173.77999877929688,8265627
2022-02-01 12:30:00-05:00,173.00999450683594,6096062
2022-02-01 13:30:00-05:00,173.0924072265625,5988714
2022-02-01 14:30:00-05:00,174.127197265625,9232759
2022-02-01 15:30:00-05:00,174.61000061035156,9254418
2022-02-02 09:30:00-05:00,175.02999877929688,19872737
2022-02-02 10:30:00-05:00,173.94000244140625,10356812
2022-02-02 11:30:00-05:00,174.48550415039062,6835085
2022-02-02 12:30:00-05:00,174.4799041748047,6354426
2022-02-02 13:30:00-05:00,174.92999267578125,5711818
2022-02-02 14:30:00-05:00,175.22000122070312,8486771
2022-02-02 15:30:00-05:00,175.8300018310547,8765624
2022-02-03 09:30:00-05:00,175.8300018310547,20345306
2022-02-03 10:30:00-05:00,175.0500030517578,10202491
2022-02-03 11:30:00-05:00,175.13009643554688,7888441
2022-02-03 12:30:00-05:00,175.67999267578125,5606497
2022-02-03 13:30:00-05:00,174.9550018310547,6788193
2022-02-03 14:30:00-05:00,174.61000061035156,8447275
2022-02-03 15:30:00-05:00,173.0,12812349
2022-02-04 09:30:00-05:00,171.5749969482422,19347599
2022-02-04 10:30:00-05:00,171.5500030517578,12182878
2022-02-04 11:30:00-05:00,171.97500610351562,7518723
2022-02-04 12:30:00-05:00,173.01719665527344,7468944
2022-02-04 13:30:00-05:00,172.8520050048828,7588172
2022-02-04 14:30:00-05:00,173.53500366210938,7551728
2022-02-04 15:30:00-05:00,172.32000732421875,7409541
2022-02-07 09:30:00-05:00,173.27999877929688,22626162
2022-02-07 10:30:00-05:00,172.6199951171875,10447968
2022-02-07 11:30:00-05:00,171.83999633789062,6983930
2022-02-07 12:30:00-05:00,172.55799865722656,5774347
2022-02-07 13:30:00-05:00,172.61000061035156,4738363
2022-02-07 14:30:00-05:00,172.25999450683594,5845469
2022-02-07 15:30:00-05:00,171.7100067138672,7785973
2022-02-08 09:30:00-05:00,171.99989318847656,14745199
2022-02-08 10:30:00-05:00,173.66000366210938,8773909
2022-02-08 11:30:00-05:00,174.8000030517578,10045628
2022-02-08 12:30:00-05:00,174.32989501953125,8189860
2022-02-08 13:30:00-05:00,174.05999755859375,6830884
2022-02-08 14:30:00-05:00,174.3498992919922,8173919
2022-02-08 15:30:00-05:00,174.82000732421875,9334998
2022-02-09 09:30:00-05:00,175.67999267578125,17549620
2022-02-09 10:30:00-05:00,175.4499969482422,8176642
2022-02-09 11:30:00-05:00,175.5612030029297,6012430
2022-02-09 12:30:00-05:00,175.6199951171875,5001872
2022-02-09 13:30:00-05:00,175.91009521484375,5159335
2022-02-09 14:30:00-05:00,175.59800720214844,7179356
2022-02-09 15:30:00-05:00,176.27999877929688,9117572
2022-02-10 09:30:00-05:00,174.9199981689453,18623986
2022-02-10 10:30:00-05:00,174.39999389648438,11641393
2022-02-10 11:30:00-05:00,174.9199981689453,7112503
2022-02-10 12:30:00-05:00,173.13999938964844,11039035
2022-02-10 13:30:00-05:00,173.06100463867188,9324756
2022-02-10 14:30:00-05:00,172.7050018310547,8303783
2022-02-10 15:30:00-05:00,172.25999450683594,10592905
2022-02-11 09:30:00-05:00,171.72000122070312,18452711
2022-02-11 10:30:00-05:00,172.05999755859375,9111763
2022-02-11 11:30:00-05:00,171.80999755859375,6918995
2022-02-11 12:30:00-05:00,171.02499389648438,6087541
2022-02-11 13:30:00-05:00,168.97999572753906,16404665
2022-02-11 14:30:00-05:00,168.8350067138672,12356032
2022-02-11 15:30:00-05:00,168.44000244140625,11864959
2022-02-14 09:30:00-05:00,168.4199981689453,18117555
2022-02-14 10:30:00-05:00,168.99000549316406,9003239
2022-02-14 11:30:00-05:00,169.3300018310547,7083897
2022-02-14 12:30:00-05:00,168.95899963378906,5098138
2022-02-14 13:30:00-05:00,167.5,9465749
2022-02-14 14:30:00-05:00,168.53030395507812,8915134
2022-02-14 15:30:00-05:00,169.1300048828125,11946038
2022-02-15 09:30:00-05:00,171.0800018310547,14651854
2022-02-15 10:30:00-05:00,171.46499633789062,7501656
2022-02-15 11:30:00-05:00,170.87600708007812,5604576
2022-02-15 12:30:00-05:00,171.83999633789062,6255731
2022-02-15 13:30:00-05:00,171.82000732421875,5257951
2022-02-15 14:30:00-05:00,172.19000244140625,6302342
2022-02-15 15:30:00-05:00,172.8000030517578,9180574
2022-02-16 09:30:00-05:00,170.72999572753906,13963988
2022-02-16 10:30:00-05:00,170.86990356445312,6456789
2022-02-16 11:30:00-05:00,170.86819458007812,5529140
2022-02-16 12:30:00-05:00,170.8699951171875,4143528
2022-02-16 13:30:00-05:00,172.4149932861328,7582466
2022-02-16 14:30:00-05:00,173.13999938964844,8460718
2022-02-16 15:30:00-05:00,172.5500030517578,6828634
2022-02-17 09:30:00-05:00,170.9199981689453,13985184
2022-02-17 10:30:00-05:00,171.30499267578125,8571601
2022-02-17 11:30:00-05:00,171.0500030517578,6027512
2022-02-17 12:30:00-05:00,170.64500427246094,4555817
2022-02-17 13:30:00-05:00,169.80499267578125,6049017
2022-02-17 14:30:00-05:00,169.2100067138672,8802409
2022-02-17 15:30:00-05:00,168.9199981689453,10302022
2022-02-18 09:30:00-05:00,168.5,16719543
2022-02-18 10:30:00-05:00,168.10499572753906,10302703
2022-02-18 11:30:00-05:00,167.69549560546875,7975843
2022-02-18 12:30:00-05:00,166.35000610351562,9817963
2022-02-18 13:30:00-05:00,168.0399932861328,7875126
2022-02-18 14:30:00-05:00,167.375,9648996
2022-02-18 15:30:00-05:00,167.60000610351562,9552614
2022-02-22 09:30:00-05:00,166.6300048828125,23044321
2022-02-22 10:30:00-05:00,164.5500030517578,10346244
2022-02-22 11:30:00-05:00,164.40499877929688,7787640
2022-02-22 12:30:00-05:00,163.89999389648438,6970095
2022-02-22 13:30:00-05:00,163.35000610351562,10939192
2022-02-22 14:30:00-05:00,165.1199951171875,12152764
2022-02-22 15:30:00-05:00,164.3300018310547,9251240
2022-02-23 09:30:00-05:00,163.88999938964844,16822391
2022-02-23 10:30:00-05:00,162.93499755859375,8389701
2022-02-23 11:30:00-05:00,164.30490112304688,7256351
2022-02-23 12:30:00-05:00,162.16000366210938,6749498
2022-02-23 13:30:00-05:00,161.42999267578125,9012449
2022-02-23 14:30:00-05:00,160.8000030517578,11979944
2022-02-23 15:30:00-05:00,160.07000732421875,14853573
2022-02-24 09:30:00-05:00,155.85000610351562,47232065
2022-02-24 10:30:00-05:00,158.02999877929688,19119755
2022-02-24 11:30:00-05:00,157.25999450683594,11699290
2022-02-24 12:30:00-05:00,157.9114990234375,9915031
2022-02-24 13:30:00-05:00,159.50999450683594,11383399
2022-02-24 14:30:00-05:00,160.35000610351562,12939789
2022-02-24 15:30:00-05:00,162.77000427246094,13812686
2022-02-25 09:30:00-05:00,162.14999389648438,21024869
2022-02-25 10:30:00-05:00,164.02999877929688,13988802
2022-02-25 11:30:00-05:00,164.3000030517578,9841000
2022-02-25 12:30:00-05:00,164.48500061035156,9663934
2022-02-25 13:30:00-05:00,164.77999877929688,8439502
2022-02-25 14:30:00-05:00,164.6750030517578,10236795
2022-02-25 15:30:00-05:00,164.8699951171875,11145842
2022-02-28 09:30:00-05:00,163.77999877929688,18708455
2022-02-28 10:30:00-05:00,165.0800018310547,10793313
2022-02-28 11:30:00-05:00,164.3000030517578,8650220
2022-02-28 12:30:00-05:00,164.07000732421875,8045236
2022-02-28 13:30:00-05:00,162.8300018310547,8020792
2022-02-28 14:30:00-05:00,163.8199005126953,8468159
2022-02-28 15:30:00-05:00,165.1199951171875,12359527
2022-03-01 09:30:00-05:00,166.1497039794922,20832557
2022-03-01 10:30:00-05:00,164.85000610351562,10851045
2022-03-01 11:30:00-05:00,163.92999267578125,9990380
2022-03-01 12:30:00-05:00,162.54769897460938,7408402
2022-03-01 13:30:00-05:00,163.19140625,7523491
2022-03-01 14:30:00-05:00,162.8699951171875,8795125
2022-03-01 15:30:00-05:00,163.1699981689453,10116647
2022-03-02 09:30:00-05:00,164.50999450683594,15838695
2022-03-02 10:30:00-05:00,165.7393035888672,14153773
2022-03-02 11:30:00-05:00,166.2899932861328,10781481
2022-03-02 12:30:00-05:00,166.68609619140625,6575026
2022-03-02 13:30:00-05:00,166.8699951171875,6249717
2022-03-02 14:30:00-05:00,167.2100067138672,7121896
2022-03-02 15:30:00-05:00,166.5399932861328,8928079
2022-03-03 09:30:00-05:00,166.82000732421875,18961427
2022-03-03 10:30:00-05:00,166.66000366210938,9818260
2022-03-03 11:30:00-05:00,166.25,7902041
2022-03-03 12:30:00-05:00,167.6999969482422,8799450
2022-03-03 13:30:00-05:00,167.77000427246094,6436515
2022-03-03 14:30:00-05:00,166.68809509277344,8016232
2022-03-03 15:30:00-05:00,166.3000030517578,7899785
2022-03-04 09:30:00-05:00,163.30999755859375,18957828
2022-03-04 10:30:00-05:00,162.5500030517578,11511868
2022-03-04 11:30:00-05:00,163.6999969482422,10272567
2022-03-04 12:30:00-05:00,163.47500610351562,8658965
2022-03-04 13:30:00-05:00,163.3300018310547,7601573
2022-03-04 14:30:00-05:00,162.6999969482422,9197653
2022-03-04 15:30:00-05:00,163.22000122070312,8868545
2022-03-07 09:30:00-05:00,161.52999877929688,20142540
2022-03-07 10:30:00-05:00,163.17999267578125,11141664
2022-03-07 11:30:00-05:00,161.67999267578125,10663343
2022-03-07 12:30:00-05:00,161.05990600585938,9310348
2022-03-07 13:30:00-05:00,161.0500946044922,7903678
2022-03-07 14:30:00-05:00,160.36000061035156,11169099
2022-03-07 15:30:00-05:00,159.30999755859375,11806695
2022-03-08 09:30:00-05:00,156.731201171875,27530606
2022-03-08 10:30:00-05:00,156.5399932861328,16416373
2022-03-08 11:30:00-05:00,160.8759002685547,17758117
2022-03-08 12:30:00-05:00,160.99000549316406,17770135
2022-03-08 13:30:00-05:00,159.15150451660156,14149980
2022-03-08 14:30:00-05:00,158.4499969482422,12420016
2022-03-08 15:30:00-05:00,157.2899932861328,11730063
2022-03-09 09:30:00-05:00,161.3300018310547,22796274
2022-03-09 10:30:00-05:00,161.11000061035156,11742336
2022-03-09 11:30:00-05:00,162.00999450683594,7886746
2022-03-09 12:30:00-05:00,162.2799072265625,7416460
2022-03-09 13:30:00-05:00,162.33999633789062,6973058
2022-03-09 14:30:00-05:00,163.19500732421875,11753913
2022-03-09 15:30:00-05:00,162.97999572753906,10636360
2022-03-10 09:30:00-05:00,158.1199951171875,24915260
2022-03-10 10:30:00-05:00,156.67909240722656,12323706
2022-03-10 11:30:00-05:00,157.2100067138672,10636832
2022-03-10 12:30:00-05:00,156.8300018310547,10179522
2022-03-10 13:30:00-05:00,158.22999572753906,9991903
2022-03-10 14:30:00-05:00,158.00999450683594,10845945
2022-03-10 15:30:00-05:00,158.52000427246094,9625150
2022-03-11 09:30:00-05:00,157.66000366210938,20478902
2022-03-11 10:30:00-05:00,155.88999938964844,11286358
2022-03-11 11:30:00-05:00,154.92759704589844,15514728
2022-03-11 12:30:00-05:00,156.5,9883061
2022-03-11 13:30:00-05:00,156.53990173339844,8825026
2022-03-11 14:30:00-05:00,155.0850067138672,8360336
2022-03-11 15:30:00-05:00,154.72999572753906,12072056
2022-03-14 09:30:00-04:00,153.32000732421875,26665011
2022-03-14 10:30:00-04:00,153.0800018310547,11358054
2022-03-14 11:30:00-04:00,151.9600067138672,10458405
2022-03-14 12:30:00-04:00,150.80029296875,12418477
2022-03-14 13:30:00-04:00,150.6782989501953,11638111
2022-03-14 14:30:00-04:00,151.2100067138672,11323976
2022-03-14 15:30:00-04:00,150.63999938964844,11515178
2022-03-15 09:30:00-04:00,152.0200958251953,20824198
2022-03-15 10:30:00-04:00,153.38999938964844,11268331
2022-03-15 11:30:00-04:00,154.52999877929688,11216950
2022-03-15 12:30:00-04:00,153.25,6951192
2022-03-15 13:30:00-04:00,153.22500610351562,7880526
2022-03-15 14:30:00-04:00,154.90899658203125,10217936
2022-03-15 15:30:00-04:00,155.16000366210938,10323481
2022-03-16 09:30:00-04:00,157.80999755859375,22123880
2022-03-16 10:30:00-04:00,157.97909545898438,11447687
2022-03-16 11:30:00-04:00,158.0399932861328,6976232
2022-03-16 12:30:00-04:00,156.7899932861328,7509613
2022-03-16 13:30:00-04:00,155.22000122070312,11779889
2022-03-16 14:30:00-04:00,158.3260040283203,16958955
2022-03-16 15:30:00-04:00,159.65499877929688,11049692
2022-03-17 09:30:00-04:00,158.71009826660156,16027031
2022-03-17 10:30:00-04:00,158.5,8741669
2022-03-17 11:30:00-04:00,159.1378936767578,7458553
2022-03-17 12:30:00-04:00,159.91000366210938,7278980
2022-03-17 13:30:00-04:00,159.33990478515625,7701975
2022-03-17 14:30:00-04:00,159.77499389648438,7199729
2022-03-17 15:30:00-04:00,160.9199981689453,9512220
2022-03-18 09:30:00-04:00,161.39500427246094,31435630
2022-03-18 10:30:00-04:00,161.7899932861328,10494244
2022-03-18 11:30:00-04:00,162.5800018310547,9003024
2022-03-18 12:30:00-04:00,162.6300048828125,9421564
2022-03-18 13:30:00-04:00,162.9600067138672,7858878
2022-03-18 14:30:00-04:00,164.125,11587346
2022-03-18 15:30:00-04:00,163.9403076171875,13660471
2022-03-21 09:30:00-04:00,163.22500610351562,18295067
2022-03-21 10:30:00-04:00,166.03990173339844,15152948
2022-03-21 11:30:00-04:00,165.61500549316406,9968884
2022-03-21 12:30:00-04:00,163.6855010986328,10156181
2022-03-21 13:30:00-04:00,164.67999267578125,8501280
2022-03-21 14:30:00-04:00,164.69000244140625,6927648
2022-03-21 15:30:00-04:00,165.3800048828125,7885821
2022-03-22 09:30:00-04:00,168.02499389648438,19968339
2022-03-22 10:30:00-04:00,168.80999755859375,12641912
2022-03-22 11:30:00-04:00,168.33999633789062,7589832
2022-03-22 12:30:00-04:00,168.75,6543154
2022-03-22 13:30:00-04:00,168.62210083007812,7405259
2022-03-22 14:30:00-04:00,168.85499572753906,7448898
2022-03-22 15:30:00-04:00,168.8300018310547,9098898
2022-03-23 09:30:00-04:00,170.25999450683594,23339710
2022-03-23 10:30:00-04:00,171.256103515625,12375809
2022-03-23 11:30:00-04:00,171.86000061035156,11358938
2022-03-23 12:30:00-04:00,171.7899932861328,12285710
2022-03-23 13:30:00-04:00,171.9600067138672,9912878
2022-03-23 14:30:00-04:00,171.25,9718898
2022-03-23 15:30:00-04:00,170.22000122070312,9374401
2022-03-24 09:30:00-04:00,170.47000122070312,19557830
2022-03-24 10:30:00-04:00,172.0198974609375,10169838
2022-03-24 11:30:00-04:00,171.1699981689453,7600762
2022-03-24 12:30:00-04:00,171.9250030517578,11581212
2022-03-24 13:30:00-04:00,172.18899536132812,7492831
2022-03-24 14:30:00-04:00,173.239501953125,11379840
2022-03-24 15:30:00-04:00,174.10000610351562,12412784
2022-03-25 09:30:00-04:00,174.4149932861328,19717170
2022-03-25 10:30:00-04:00,173.20469665527344,15176703
2022-03-25 11:30:00-04:00,173.32620239257812,8995183
2022-03-25 12:30:00-04:00,173.64500427246094,7064990
2022-03-25 13:30:00-04:00,174.4532928466797,6534925
2022-03-25 14:30:00-04:00,173.42689514160156,8185863
2022-03-25 15:30:00-04:00,174.72999572753906,8167912
2022-03-28 09:30:00-04:00,174.33999633789062,25291677
2022-03-28 10:30:00-04:00,174.3800048828125,11578517
2022-03-28 11:30:00-04:00,173.39999389648438,8979815
2022-03-28 12:30:00-04:00,174.44180297851562,6460224
2022-03-28 13:30:00-04:00,174.74009704589844,7178077
2022-03-28 14:30:00-04:00,175.0,10112920
2022-03-28 15:30:00-04:00,175.59500122070312,12737976
2022-03-29 09:30:00-04:00,177.381103515625,25635730
2022-03-29 10:30:00-04:00,177.8300018310547,11601442
2022-03-29 11:30:00-04:00,177.1649932861328,8335670
2022-03-29 12:30:00-04:00,177.09500122070312,7961450
2022-03-29 13:30:00-04:00,177.85000610351562,8434121
2022-03-29 14:30:00-04:00,178.77999877929688,12379385
2022-03-29 15:30:00-04:00,178.99000549316406,10834814
2022-03-30 09:30:00-04:00,178.90499877929688,24564204
2022-03-30 10:30:00-04:00,177.64999389648438,11397715
2022-03-30 11:30:00-04:00,177.76119995117188,8532628
2022-03-30 12:30:00-04:00,178.1999969482422,7854352
2022-03-30 13:30:00-04:00,178.00999450683594,10279636
2022-03-30 14:30:00-04:00,177.1925048828125,8897703
2022-03-30 15:30:00-04:00,177.7899932861328,9446822
2022-03-31 09:30:00-04:00,176.2259063720703,19237476
2022-03-31 10:30:00-04:00,176.47000122070312,9507497
2022-03-31 11:30:00-04:00,176.74000549316406,6449120
2022-03-31 12:30:00-04:00,176.61000061035156,5738705
2022-03-31 13:30:00-04:00,176.4250030517578,6794852
2022-03-31 14:30:00-04:00,176.46499633789062,8636907
2022-03-31 15:30:00-04:00,174.67999267578125,20938019
2022-04-01 09:30:00-04:00,173.25,19981502
2022-04-01 10:30:00-04:00,172.9250030517578,8802828
2022-04-01 11:30:00-04:00,172.85000610351562,8412658
2022-04-01 12:30:00-04:00,172.3350067138672,5839137
2022-04-01 13:30:00-04:00,173.35499572753906,6672519
2022-04-01 14:30:00-04:00,173.03500366210938,7992811
2022-04-01 15:30:00-04:00,174.25999450683594,10178083
2022-04-04 09:30:00-04:00,177.36000061035156,22098890
2022-04-04 10:30:00-04:00,177.64500427246094,10059372
2022-04-04 11:30:00-04:00,177.66000366210938,6683479
2022-04-04 12:30:00-04:00,177.22959899902344,5749349
2022-04-04 13:30:00-04:00,177.49000549316406,5992490
2022-04-04 14:30:00-04:00,178.2899932861328,8353363
2022-04-04 15:30:00-04:00,178.46499633789062,9712315
2022-04-05 09:30:00-04:00,176.90989685058594,18970044
2022-04-05 10:30:00-04:00,176.49000549316406,9399966
2022-04-05 11:30:00-04:00,175.26499938964844,7666969
2022-04-05 12:30:00-04:00,175.64199829101562,6917972
2022-04-05 13:30:00-04:00,175.3800048828125,5579360
2022-04-05 14:30:00-04:00,174.86000061035156,7493675
2022-04-05 15:30:00-04:00,175.0399932861328,7947093
2022-04-06 09:30:00-04:00,171.1300048828125,21718850
2022-04-06 10:30:00-04:00,170.8350067138672,11354344
2022-04-06 11:30:00-04:00,170.97500610351562,7839538
2022-04-06 12:30:00-04:00,171.7100067138672,5695053
2022-04-06 13:30:00-04:00,171.3800048828125,11187310
2022-04-06 14:30:00-04:00,171.6699981689453,11178009
2022-04-06 15:30:00-04:00,171.60000610351562,9910733
2022-04-07 09:30:00-04:00,172.0800018310547,16955783
2022-04-07 10:30:00-04:00,170.86000061035156,9035411
2022-04-07 11:30:00-04:00,170.89999389648438,7261185
2022-04-07 12:30:00-04:00,171.19000244140625,8298192
2022-04-07 13:30:00-04:00,171.67999267578125,6745602
2022-04-07 14:30:00-04:00,172.65220642089844,8432965
2022-04-07 15:30:00-04:00,172.1699981689453,9110660
2022-04-08 09:30:00-04:00,170.27999877929688,19362722
2022-04-08 10:30:00-04:00,170.89999389648438,11416468
2022-04-08 11:30:00-04:00,171.65499877929688,8127821
2022-04-08 12:30:00-04:00,170.82000732421875,5203255
2022-04-08 13:30:00-04:00,169.95010375976562,6723027
2022-04-08 14:30:00-04:00,170.74000549316406,8143033
2022-04-08 15:30:00-04:00,170.13999938964844,8532677
2022-04-11 09:30:00-04:00,166.47999572753906,19251032
2022-04-11 10:30:00-04:00,166.44000244140625,8804591
2022-04-11 11:30:00-04:00,166.55999755859375,6208228
2022-04-11 12:30:00-04:00,166.91000366210938,6214791
2022-04-11 13:30:00-04:00,166.6649932861328,5672112
2022-04-11 14:30:00-04:00,166.1300048828125,7685123
2022-04-11 15:30:00-04:00,165.77999877929688,10453607
2022-04-12 09:30:00-04:00,169.5749969482422,22000268
2022-04-12 10:30:00-04:00,169.0800018310547,9766239
2022-04-12 11:30:00-04:00,167.86000061035156,7555048
2022-04-12 12:30:00-04:00,168.11000061035156,7661223
2022-04-12 13:30:00-04:00,166.93080139160156,7461894
2022-04-12 14:30:00-04:00,167.11000061035156,9478627
2022-04-12 15:30:00-04:00,167.63999938964844,8990248
2022-04-13 09:30:00-04:00,168.69000244140625,15711444
2022-04-13 10:30:00-04:00,169.69000244140625,9751613
2022-04-13 11:30:00-04:00,170.44009399414062,10069224
2022-04-13 12:30:00-04:00,170.55999755859375,6851724
2022-04-13 13:30:00-04:00,170.27999877929688,6078766
2022-04-13 14:30:00-04:00,170.8000030517578,7127224
2022-04-13 15:30:00-04:00,170.39999389648438,8185581
2022-04-14 09:30:00-04:00,168.47000122070312,17542629
2022-04-14 10:30:00-04:00,168.25,7921266
2022-04-14 11:30:00-04:00,166.9600067138672,7232209
2022-04-14 12:30:00-04:00,166.55999755859375,5905515
2022-04-14 13:30:00-04:00,166.66929626464844,6752274
2022-04-14 14:30:00-04:00,165.86500549316406,8547560
2022-04-14 15:30:00-04:00,165.27999877929688,10069979
2022-04-18 09:30:00-04:00,166.14999389648438,18871900
2022-04-18 10:30:00-04:00,164.6300048828125,8329834
2022-04-18 11:30:00-04:00,163.7501983642578,9703100
2022-04-18 12:30:00-04:00,164.5050048828125,5517483
2022-04-18 13:30:00-04:00,165.47000122070312,7210427
2022-04-18 14:30:00-04:00,164.82000732421875,5293788
2022-04-18 15:30:00-04:00,165.11000061035156,6174842
2022-04-19 09:30:00-04:00,166.27499389648438,16038993
2022-04-19 10:30:00-04:00,167.22999572753906,8731307
2022-04-19 11:30:00-04:00,166.5,5895181
2022-04-19 12:30:00-04:00,166.12669372558594,4398224
2022-04-19 13:30:00-04:00,166.3699951171875,5800651
2022-04-19 14:30:00-04:00,167.49000549316406,6694082
2022-04-19 15:30:00-04:00,167.4600067138672,9254646
2022-04-20 09:30:00-04:00,168.0800018310547,16742428
2022-04-20 10:30:00-04:00,166.7899932861328,8702097
2022-04-20 11:30:00-04:00,166.4842071533203,6526300
2022-04-20 12:30:00-04:00,167.43499755859375,6117410
2022-04-20 13:30:00-04:00,167.1300048828125,5995996
2022-04-20 14:30:00-04:00,167.34500122070312,7307060
2022-04-20 15:30:00-04:00,167.22999572753906,9518762
2022-04-21 09:30:00-04:00,170.69500732421875,20751986
2022-04-21 10:30:00-04:00,171.19000244140625,12087541
2022-04-21 11:30:00-04:00,169.73500061035156,11067259
2022-04-21 12:30:00-04:00,168.97000122070312,8514886
2022-04-21 13:30:00-04:00,167.40499877929688,7774428
2022-04-21 14:30:00-04:00,166.72000122070312,10453821
2022-04-21 15:30:00-04:00,166.43499755859375,8062889
2022-04-22 09:30:00-04:00,165.47999572753906,18605380
2022-04-22 10:30:00-04:00,165.92999267578125,9095254
2022-04-22 11:30:00-04:00,164.6313018798828,8058728
2022-04-22 12:30:00-04:00,164.07000732421875,6983622
2022-04-22 13:30:00-04:00,163.47560119628906,7195576
2022-04-22 14:30:00-04:00,163.14999389648438,10316588
2022-04-22 15:30:00-04:00,161.8300018310547,12876403
2022-04-25 09:30:00-04:00,160.89999389648438,26195475
2022-04-25 10:30:00-04:00,159.6199951171875,11098778
2022-04-25 11:30:00-04:00,159.70809936523438,11217903
2022-04-25 12:30:00-04:00,160.1199951171875,8245631
2022-04-25 13:30:00-04:00,161.01089477539062,8528180
2022-04-25 14:30:00-04:00,162.2100067138672,11391737
2022-04-25 15:30:00-04:00,162.85000610351562,10166835
2022-04-26 09:30:00-04:00,159.5800018310547,19677795
2022-04-26 10:30:00-04:00,159.02999877929688,12145064
2022-04-26 11:30:00-04:00,159.4499969482422,9686135
2022-04-26 12:30:00-04:00,158.46499633789062,7515197
2022-04-26 13:30:00-04:00,158.74000549316406,7827251
2022-04-26 14:30:00-04:00,157.35000610351562,12238238
2022-04-26 15:30:00-04:00,156.72000122070312,13557634
2022-04-27 09:30:00-04:00,155.72000122070312,19473484
2022-04-27 10:30:00-04:00,157.85000610351562,13309873
2022-04-27 11:30:00-04:00,159.50999450683594,10062710
2022-04-27 12:30:00-04:00,158.88999938964844,8178184
2022-04-27 13:30:00-04:00,157.58999633789062,6846969
2022-04-27 14:30:00-04:00,156.74000549316406,9146393
2022-04-27 15:30:00-04:00,156.4600067138672,9728120
2022-04-28 09:30:00-04:00,159.52499389648438,29712866
2022-04-28 10:30:00-04:00,161.4149932861328,15373533
2022-04-28 11:30:00-04:00,162.2801055908203,11878260
2022-04-28 12:30:00-04:00,163.4600067138672,11496526
2022-04-28 13:30:00-04:00,163.0930938720703,10624158
2022-04-28 14:30:00-04:00,163.9199981689453,12389175
2022-04-28 15:30:00-04:00,164.05499267578125,13223821
2022-04-29 09:30:00-04:00,163.1199951171875,37282362
2022-04-29 10:30:00-04:00,162.00999450683594,14243909
2022-04-29 11:30:00-04:00,160.3907928466797,10425591
2022-04-29 12:30:00-04:00,160.10000610351562,9925128
2022-04-29 13:30:00-04:00,159.97000122070312,8618515
2022-04-29 14:30:00-04:00,158.75,12979685
2022-04-29 15:30:00-04:00,157.64999389648438,17185837
2022-05-02 09:30:00-04:00,156.38999938964844,31750389
2022-05-02 10:30:00-04:00,155.86000061035156,15271913
2022-05-02 11:30:00-04:00,156.17550659179688,13179216
2022-05-02 12:30:00-04:00,154.43710327148438,10809507
2022-05-02 13:30:00-04:00,153.82000732421875,10866544
2022-05-02 14:30:00-04:00,156.5301055908203,15990406
2022-05-02 15:30:00-04:00,157.9199981689453,14896803
2022-05-03 09:30:00-04:00,157.85000610351562,21271627
2022-05-03 10:30:00-04:00,159.34800720214844,12407774
2022-05-03 11:30:00-04:00,159.13999938964844,11585755
2022-05-03 12:30:00-04:00,159.89999389648438,8532604
2022-05-03 13:30:00-04:00,158.9499969482422,8745251
2022-05-03 14:30:00-04:00,159.30799865722656,11470115
2022-05-03 15:30:00-04:00,159.47999572753906,8712313
2022-05-04 09:30:00-04:00,160.0,21334407
2022-05-04 10:30:00-04:00,159.53619384765625,9393407
2022-05-04 11:30:00-04:00,161.4499969482422,8945651
2022-05-04 12:30:00-04:00,161.8699951171875,8158615
2022-05-04 13:30:00-04:00,162.27000427246094,13713857
2022-05-04 14:30:00-04:00,164.9499969482422,23620691
2022-05-04 15:30:00-04:00,166.1199951171875,15363072
2022-05-05 09:30:00-04:00,160.1699981689453,21705285
2022-05-05 10:30:00-04:00,159.32000732421875,16613887
2022-05-05 11:30:00-04:00,157.8000030517578,17279582
2022-05-05 12:30:00-04:00,157.55999755859375,13632306
2022-05-05 13:30:00-04:00,156.47500610351562,11178364
2022-05-05 14:30:00-04:00,155.0800018310547,14907894
2022-05-05 15:30:00-04:00,156.8000030517578,20760189
2022-05-06 09:30:00-04:00,157.74000549316406,29113838
2022-05-06 10:30:00-04:00,159.17999267578125,16983290
2022-05-06 11:30:00-04:00,158.4600067138672,13220827
2022-05-06 12:30:00-04:00,158.47000122070312,10806371
2022-05-06 13:30:00-04:00,156.89500427246094,9804491
2022-05-06 14:30:00-04:00,156.47999572753906,11978833
2022-05-06 15:30:00-04:00,157.27999877929688,14452268
2022-05-09 09:30:00-04:00,153.2100067138672,34948166
2022-05-09 10:30:00-04:00,152.25669860839844,18862285
2022-05-09 11:30:00-04:00,153.27499389648438,16226978
2022-05-09 12:30:00-04:00,153.33200073242188,9805935
2022-05-09 13:30:00-04:00,152.19000244140625,10351380
2022-05-09 14:30:00-04:00,152.3800048828125,14053364
2022-05-09 15:30:00-04:00,152.14999389648438,14861021
2022-05-10 09:30:00-04:00,155.39999389648438,29850144
2022-05-10 10:30:00-04:00,153.72999572753906,15627101
2022-05-10 11:30:00-04:00,153.75,12018877
2022-05-10 12:30:00-04:00,154.6470947265625,10514018
2022-05-10 13:30:00-04:00,155.53500366210938,13851607
2022-05-10 14:30:00-04:00,155.2100067138672,12135801
2022-05-10 15:30:00-04:00,154.52999877929688,9034048
2022-05-11 09:30:00-04:00,153.4001007080078,26543925
2022-05-11 10:30:00-04:00,152.86000061035156,13138076
2022-05-11 11:30:00-04:00,151.5399932861328,10411478
2022-05-11 12:30:00-04:00,148.55999755859375,19757063
2022-05-11 13:30:00-04:00,147.37010192871094,21100571
2022-05-11 14:30:00-04:00,146.55999755859375,18787778
2022-05-11 15:30:00-04:00,146.58999633789062,18593585
2022-05-12 09:30:00-04:00,144.69000244140625,57083359
2022-05-12 10:30:00-04:00,144.9499969482422,20401466
2022-05-12 11:30:00-04:00,141.75999450683594,20294045
2022-05-12 12:30:00-04:00,141.82989501953125,12374992
2022-05-12 13:30:00-04:00,139.94000244140625,20573661
2022-05-12 14:30:00-04:00,140.92999267578125,22013227
2022-05-12 15:30:00-04:00,142.58999633789062,18215056
2022-05-13 09:30:00-04:00,146.16000366210938,29384202
2022-05-13 10:30:00-04:00,147.64540100097656,16004122
2022-05-13 11:30:00-04:00,147.4149932861328,11038528
2022-05-13 12:30:00-04:00,146.8249969482422,10280125
2022-05-13 13:30:00-04:00,145.49000549316406,11857137
2022-05-13 14:30:00-04:00,147.6699981689453,12633735
2022-05-13 15:30:00-04:00,147.1300048828125,12361903
2022-05-16 09:30:00-04:00,146.5,21205851
2022-05-16 10:30:00-04:00,145.02000427246094,10739007
2022-05-16 11:30:00-04:00,145.7301025390625,10823039
2022-05-16 12:30:00-04:00,146.58999633789062,7411354
2022-05-16 13:30:00-04:00,147.2386932373047,8120004
2022-05-16 14:30:00-04:00,146.05999755859375,9681422
2022-05-16 15:30:00-04:00,145.5399932861328,8648843
2022-05-17 09:30:00-04:00,147.33999633789062,18396970
2022-05-17 10:30:00-04:00,147.8000030517578,8896748
2022-05-17 11:30:00-04:00,148.05999755859375,7505523
2022-05-17 12:30:00-04:00,148.15589904785156,5569987
2022-05-17 13:30:00-04:00,147.9199981689453,9843279
2022-05-17 14:30:00-04:00,149.50999450683594,10356109
2022-05-17 15:30:00-04:00,149.25,7927691
2022-05-18 09:30:00-04:00,145.58999633789062,17857603
2022-05-18 10:30:00-04:00,143.44900512695312,13763246
2022-05-18 11:30:00-04:00,142.52000427246094,12041489
2022-05-18 12:30:00-04:00,142.03500366210938,10160730
2022-05-18 13:30:00-04:00,141.1699981689453,11839356
2022-05-18 14:30:00-04:00,140.55999755859375,15639808
2022-05-18 15:30:00-04:00,140.82000732421875,14924874
2022-05-19 09:30:00-04:00,139.3699951171875,32491919
2022-05-19 10:30:00-04:00,138.4149932861328,21247441
2022-05-19 11:30:00-04:00,139.75999450683594,16199427
2022-05-19 12:30:00-04:00,137.13299560546875,15558938
2022-05-19 13:30:00-04:00,137.66000366210938,13251189
2022-05-19 14:30:00-04:00,137.13999938964844,16255909
2022-05-19 15:30:00-04:00,137.30999755859375,12860936
2022-05-20 09:30:00-04:00,138.77999877929688,29236423
2022-05-20 10:30:00-04:00,136.9868927001953,14220076
2022-05-20 11:30:00-04:00,135.2899932861328,14353213
2022-05-20 12:30:00-04:00,132.8173065185547,20012586
2022-05-20 13:30:00-04:00,133.97760009765625,15364773
2022-05-20 14:30:00-04:00,135.47000122070312,14360515
2022-05-20 15:30:00-04:00,137.6199951171875,17850763
2022-05-23 09:30:00-04:00,140.1699981689453,30616074
2022-05-23 10:30:00-04:00,141.28500366210938,17164147
2022-05-23 11:30:00-04:00,142.56500244140625,15835175
2022-05-23 12:30:00-04:00,141.9499969482422,11430435
2022-05-23 13:30:00-04:00,142.49000549316406,9372320
2022-05-23 14:30:00-04:00,142.39999389648438,10824401
2022-05-23 15:30:00-04:00,143.14999389648438,11302050
2022-05-24 09:30:00-04:00,138.47999572753906,27261318
2022-05-24 10:30:00-04:00,138.4199981689453,13292299
2022-05-24 11:30:00-04:00,139.3000030517578,11538892
2022-05-24 12:30:00-04:00,138.52499389648438,9203340
2022-05-24 13:30:00-04:00,139.47000122070312,10706577
2022-05-24 14:30:00-04:00,139.7200927734375,12684688
2022-05-24 15:30:00-04:00,140.4199981689453,13220268
2022-05-25 09:30:00-04:00,140.85000610351562,20729471
2022-05-25 10:30:00-04:00,140.25,10788187
2022-05-25 11:30:00-04:00,139.1750030517578,7947902
2022-05-25 12:30:00-04:00,139.22999572753906,8289872
2022-05-25 13:30:00-04:00,140.48309326171875,12010439
2022-05-25 14:30:00-04:00,141.37869262695312,12219677
2022-05-25 15:30:00-04:00,140.6999969482422,10013296
2022-05-26 09:30:00-04:00,141.14999389648438,22601362
2022-05-26 10:30:00-04:00,142.52999877929688,12470241
2022-05-26 11:30:00-04:00,143.9842071533203,10724622
2022-05-26 12:30:00-04:00,143.47000122070312,7554712
2022-05-26 13:30:00-04:00,143.8249969482422,6994448
2022-05-26 14:30:00-04:00,143.1999969482422,8496507
2022-05-26 15:30:00-04:00,143.75,10756563
2022-05-27 09:30:00-04:00,147.91099548339844,26100176
2022-05-27 10:30:00-04:00,148.28500366210938,10724843
2022-05-27 11:30:00-04:00,148.16000366210938,9376597
2022-05-27 12:30:00-04:00,148.52000427246094,6074231
2022-05-27 13:30:00-04:00,148.48500061035156,5538334
2022-05-27 14:30:00-04:00,149.02999877929688,9089408
2022-05-27 15:30:00-04:00,149.64999389648438,12384262
2022-05-31 09:30:00-04:00,147.99000549316406,21434837
2022-05-31 10:30:00-04:00,148.1898956298828,9018408
2022-05-31 11:30:00-04:00,149.6999969482422,10987991
2022-05-31 12:30:00-04:00,149.55999755859375,10505357
2022-05-31 13:30:00-04:00,150.13999938964844,7167217
2022-05-31 14:30:00-04:00,150.02999877929688,8122222
2022-05-31 15:30:00-04:00,148.75,9696615
2022-06-01 09:30:00-04:00,149.15719604492188,22117918
2022-06-01 10:30:00-04:00,148.67999267578125,10308786
2022-06-01 11:30:00-04:00,148.05999755859375,7419539
2022-06-01 12:30:00-04:00,148.3321990966797,5742671
2022-06-01 13:30:00-04:00,149.58999633789062,6923034
2022-06-01 14:30:00-04:00,149.66799926757812,8122426
2022-06-01 15:30:00-04:00,148.6999969482422,7632870
2022-06-02 09:30:00-04:00,147.41000366210938,19486157
2022-06-02 10:30:00-04:00,148.92999267578125,9880807
2022-06-02 11:30:00-04:00,150.5010986328125,9281221
2022-06-02 12:30:00-04:00,150.17909240722656,6470210
2022-06-02 13:30:00-04:00,150.52999877929688,5630269
2022-06-02 14:30:00-04:00,150.3477020263672,6174453
2022-06-02 15:30:00-04:00,151.22999572753906,8121310
2022-06-03 09:30:00-04:00,146.34500122070312,26014662
2022-06-03 10:30:00-04:00,144.75999450683594,12745651
2022-06-03 11:30:00-04:00,145.66000366210938,8745967
2022-06-03 12:30:00-04:00,145.35000610351562,7622273
2022-06-03 13:30:00-04:00,145.68069458007812,6688355
2022-06-03 14:30:00-04:00,145.43310546875,8593972
2022-06-03 15:30:00-04:00,145.38999938964844,9455900
2022-06-06 09:30:00-04:00,148.2100067138672,17131905
2022-06-06 10:30:00-04:00,146.55909729003906,10939649
2022-06-06 11:30:00-04:00,145.5800018310547,7207127
2022-06-06 12:30:00-04:00,145.88009643554688,6199590
2022-06-06 13:30:00-04:00,145.75999450683594,6957203
2022-06-06 14:30:00-04:00,145.34950256347656,9735989
2022-06-06 15:30:00-04:00,146.13999938964844,7360207
2022-06-07 09:30:00-04:00,147.17999267578125,18595457
2022-06-07 10:30:00-04:00,146.97000122070312,10470154
2022-06-07 11:30:00-04:00,147.27999877929688,6150600
2022-06-07 12:30:00-04:00,148.1699981689453,5565660
2022-06-07 13:30:00-04:00,148.7550048828125,6592406
2022-06-07 14:30:00-04:00,148.64500427246094,6235021
2022-06-07 15:30:00-04:00,148.69000244140625,6820531
2022-06-08 09:30:00-04:00,149.1300048828125,15959227
2022-06-08 10:30:00-04:00,149.360107421875,7226452
2022-06-08 11:30:00-04:00,148.8000030517578,4862136
2022-06-08 12:30:00-04:00,147.85000610351562,5098790
2022-06-08 13:30:00-04:00,147.85000610351562,5298733
2022-06-08 14:30:00-04:00,148.22000122070312,5227714
2022-06-08 15:30:00-04:00,148.0,4883571
2022-06-09 09:30:00-04:00,147.07000732421875,16950588
2022-06-09 10:30:00-04:00,146.3350067138672,7634624
2022-06-09 11:30:00-04:00,146.15859985351562,6373167
2022-06-09 12:30:00-04:00,146.03500366210938,5014257
2022-06-09 13:30:00-04:00,145.53500366210938,5414677
2022-06-09 14:30:00-04:00,143.61500549316406,9616535
2022-06-09 15:30:00-04:00,142.60000610351562,9589076
2022-06-10 09:30:00-04:00,137.49000549316406,23421485
2022-06-10 10:30:00-04:00,137.39999389648438,13497913
2022-06-10 11:30:00-04:00,137.97500610351562,7736991
2022-06-10 12:30:00-04:00,138.08999633789062,6411832
2022-06-10 13:30:00-04:00,137.9600067138672,7293856
2022-06-10 14:30:00-04:00,138.8699951171875,9610015
2022-06-10 15:30:00-04:00,137.1199951171875,12463278
2022-06-13 09:30:00-04:00,132.86000061035156,31005010
2022-06-13 10:30:00-04:00,134.14500427246094,15412629
2022-06-13 11:30:00-04:00,134.17999267578125,12696525
2022-06-13 12:30:00-04:00,133.30999755859375,8322899
2022-06-13 13:30:00-04:00,133.3782958984375,8790591
2022-06-13 14:30:00-04:00,132.30499267578125,15227110
2022-06-13 15:30:00-04:00,131.8800048828125,15760391
2022-06-14 09:30:00-04:00,131.92999267578125,20960969
2022-06-14 10:30:00-04:00,132.27999877929688,11814781
2022-06-14 11:30:00-04:00,132.30999755859375,7703887
2022-06-14 12:30:00-04:00,133.25999450683594,7675922
2022-06-14 13:30:00-04:00,132.9564971923828,7971686
2022-06-14 14:30:00-04:00,132.38870239257812,8660127
2022-06-14 15:30:00-04:00,132.86000061035156,10294357
2022-06-15 09:30:00-04:00,134.156494140625,16607500
2022-06-15 10:30:00-04:00,134.07000732421875,8583060
2022-06-15 11:30:00-04:00,134.66000366210938,6361005
2022-06-15 12:30:00-04:00,134.2100067138672,6577845
2022-06-15 13:30:00-04:00,133.11000061035156,12396783
2022-06-15 14:30:00-04:00,136.58909606933594,18510429
2022-06-15 15:30:00-04:00,135.4499969482422,11330074
2022-06-16 09:30:00-04:00,131.16000366210938,23170248
2022-06-16 10:30:00-04:00,130.91000366210938,15577632
2022-06-16 11:30:00-04:00,131.00999450683594,8704304
2022-06-16 12:30:00-04:00,131.25,8667608
2022-06-16 13:30:00-04:00,129.73500061035156,10041819
2022-06-16 14:30:00-04:00,130.11500549316406,12834353
2022-06-16 15:30:00-04:00,130.10000610351562,14625256
2022-06-17 09:30:00-04:00,131.0399932861328,34321032
2022-06-17 10:30:00-04:00,132.50999450683594,13343305
2022-06-17 11:30:00-04:00,131.83999633789062,10473657
2022-06-17 12:30:00-04:00,132.4490966796875,8970300
2022-06-17 13:30:00-04:00,132.21499633789062,7762871
2022-06-17 14:30:00-04:00,131.97760009765625,11037477
2022-06-17 15:30:00-04:00,131.44000244140625,12045122
2022-06-21 09:30:00-04:00,136.34530639648438,25725582
2022-06-21 10:30:00-04:00,136.57339477539062,8972291
2022-06-21 11:30:00-04:00,136.0050048828125,7705748
2022-06-21 12:30:00-04:00,135.88999938964844,5083979
2022-06-21 13:30:00-04:00,135.8800048828125,5079926
2022-06-21 14:30:00-04:00,136.08999633789062,7851441
2022-06-21 15:30:00-04:00,135.86000061035156,7467518
2022-06-22 09:30:00-04:00,137.27000427246094,19087365
2022-06-22 10:30:00-04:00,136.47720336914062,10479489
2022-06-22 11:30:00-04:00,135.6300048828125,7791665
2022-06-22 12:30:00-04:00,136.3699951171875,6213027
2022-06-22 13:30:00-04:00,136.49000549316406,6400982
2022-06-22 14:30:00-04:00,135.87640380859375,6584700
2022-06-22 15:30:00-04:00,135.30999755859375,6932104
2022-06-23 09:30:00-04:00,136.64999389648438,18282485
2022-06-23 10:30:00-04:00,137.8000030517578,11060353
2022-06-23 11:30:00-04:00,136.7899932861328,7530712
2022-06-23 12:30:00-04:00,136.42999267578125,5788722
2022-06-23 13:30:00-04:00,137.29989624023438,5951180
2022-06-23 14:30:00-04:00,137.89999389648438,6515800
2022-06-23 15:30:00-04:00,138.25,8895482
2022-06-24 09:30:00-04:00,140.8845977783203,19777721
2022-06-24 10:30:00-04:00,140.27000427246094,9935271
2022-06-24 11:30:00-04:00,140.10569763183594,5294863
2022-06-24 12:30:00-04:00,140.00999450683594,4432948
2022-06-24 13:30:00-04:00,140.16050720214844,4921909
2022-06-24 14:30:00-04:00,140.31500244140625,5904264
2022-06-24 15:30:00-04:00,141.77999877929688,11740142
2022-06-27 09:30:00-04:00,141.9600067138672,19809493
2022-06-27 10:30:00-04:00,142.875,7611196
2022-06-27 11:30:00-04:00,142.33999633789062,5873671
2022-06-27 12:30:00-04:00,142.16000366210938,5053760
2022-06-27 13:30:00-04:00,141.69000244140625,5230615
2022-06-27 14:30:00-04:00,141.68460083007812,6284727
2022-06-27 15:30:00-04:00,141.7100067138672,6756067
2022-06-28 09:30:00-04:00,141.41000366210938,13962782
2022-06-28 10:30:00-04:00,139.756103515625,8642746
2022-06-28 11:30:00-04:00,139.2100067138672,8333318
2022-06-28 12:30:00-04:00,139.00540161132812,5901164
2022-06-28 13:30:00-04:00,138.1999969482422,4423770
2022-06-28 14:30:00-04:00,137.75,7161521
2022-06-28 15:30:00-04:00,137.44000244140625,9034565
2022-06-29 09:30:00-04:00,139.7198944091797,17021935
2022-06-29 10:30:00-04:00,139.72500610351562,9928156
2022-06-29 11:30:00-04:00,138.75999450683594,6356298
2022-06-29 12:30:00-04:00,139.0850067138672,5679257
2022-06-29 13:30:00-04:00,139.88499450683594,6008938
2022-06-29 14:30:00-04:00,140.03309631347656,7607954
2022-06-29 15:30:00-04:00,139.25,7830147
2022-06-30 09:30:00-04:00,134.4949951171875,21387344
2022-06-30 10:30:00-04:00,136.6199951171875,10991827
2022-06-30 11:30:00-04:00,137.86000061035156,11194521
2022-06-30 12:30:00-04:00,137.4199981689453,8063991
2022-06-30 13:30:00-04:00,137.21499633789062,7409088
2022-06-30 14:30:00-04:00,136.7449951171875,8968560
2022-06-30 15:30:00-04:00,136.75999450683594,11359643
2022-07-01 09:30:00-04:00,136.08999633789062,17598079
2022-07-01 10:30:00-04:00,136.6011962890625,10233744
2022-07-01 11:30:00-04:00,137.02000427246094,6353020
2022-07-01 12:30:00-04:00,137.0500030517578,5117007
2022-07-01 13:30:00-04:00,137.8699951171875,6792002
2022-07-01 14:30:00-04:00,138.26499938964844,7126252
2022-07-01 15:30:00-04:00,138.94000244140625,8863775
2022-07-05 09:30:00-04:00,138.6999969482422,18105825
2022-07-05 10:30:00-04:00,138.38999938964844,7754702
2022-07-05 11:30:00-04:00,139.85000610351562,7842261
2022-07-05 12:30:00-04:00,139.83999633789062,6399421
2022-07-05 13:30:00-04:00,140.60000610351562,6224294
2022-07-05 14:30:00-04:00,141.22999572753906,8981725
2022-07-05 15:30:00-04:00,141.61000061035156,7358651
2022-07-06 09:30:00-04:00,142.75999450683594,20193547
2022-07-06 10:30:00-04:00,141.53500366210938,10073200
2022-07-06 11:30:00-04:00,141.92999267578125,5845801
2022-07-06 12:30:00-04:00,142.1840057373047,4053575
2022-07-06 13:30:00-04:00,143.0500030517578,8114374
2022-07-06 14:30:00-04:00,143.88009643554688,9845000
2022-07-06 15:30:00-04:00,142.9600067138672,8920687
2022-07-07 09:30:00-04:00,145.92059326171875,19282269
2022-07-07 10:30:00-04:00,145.1199951171875,7165439
2022-07-07 11:30:00-04:00,145.75999450683594,5532796
2022-07-07 12:30:00-04:00,145.7602996826172,5154505
2022-07-07 13:30:00-04:00,146.26010131835938,6167928
2022-07-07 14:30:00-04:00,146.17919921875,6155713
2022-07-07 15:30:00-04:00,146.35000610351562,7955312
2022-07-08 09:30:00-04:00,146.92999267578125,18720916
2022-07-08 10:30:00-04:00,147.35000610351562,8686666
2022-07-08 11:30:00-04:00,146.10699462890625,6149161
2022-07-08 12:30:00-04:00,146.58030700683594,6664111
2022-07-08 13:30:00-04:00,147.27000427246094,6380605
2022-07-08 14:30:00-04:00,147.35499572753906,6139827
2022-07-08 15:30:00-04:00,147.02999877929688,6736519
2022-07-11 09:30:00-04:00,144.99000549316406,14815583
2022-07-11 10:30:00-04:00,145.38999938964844,7838647
2022-07-11 11:30:00-04:00,145.37069702148438,4853476
2022-07-11 12:30:00-04:00,146.10499572753906,6179728
2022-07-11 13:30:00-04:00,145.80419921875,5171139
2022-07-11 14:30:00-04:00,145.0,6899083
2022-07-11 15:30:00-04:00,144.91000366210938,7003001
2022-07-12 09:30:00-04:00,146.7899932861328,20620031
2022-07-12 10:30:00-04:00,148.0500030517578,10572680
2022-07-12 11:30:00-04:00,147.75,6683618
2022-07-12 12:30:00-04:00,147.55499267578125,6487702
2022-07-12 13:30:00-04:00,147.50999450683594,6614652
2022-07-12 14:30:00-04:00,145.75999450683594,8315297
2022-07-12 15:30:00-04:00,145.8800048828125,10129455
2022-07-13 09:30:00-04:00,144.4698944091797,21664914
2022-07-13 10:30:00-04:00,145.32000732421875,10213117
2022-07-13 11:30:00-04:00,145.75999450683594,7644561
2022-07-13 12:30:00-04:00,145.7899932861328,5494958
2022-07-13 13:30:00-04:00,146.0301055908203,5400832
2022-07-13 14:30:00-04:00,145.92999267578125,6082900
2022-07-13 15:30:00-04:00,145.4499969482422,6567760
2022-07-14 09:30:00-04:00,144.3699951171875,16301072
2022-07-14 10:30:00-04:00,146.02999877929688,11052726
2022-07-14 11:30:00-04:00,146.47999572753906,10924533
2022-07-14 12:30:00-04:00,147.41000366210938,7245469
2022-07-14 13:30:00-04:00,148.46499633789062,9332925
2022-07-14 14:30:00-04:00,148.86000061035156,9350469
2022-07-14 15:30:00-04:00,148.47999572753906,7491749
2022-07-15 09:30:00-04:00,149.7100067138672,22450644
2022-07-15 10:30:00-04:00,149.0399932861328,8096867
2022-07-15 11:30:00-04:00,148.75999450683594,7334588
2022-07-15 12:30:00-04:00,149.3249969482422,5511962
2022-07-15 13:30:00-04:00,149.41000366210938,5895327
2022-07-15 14:30:00-04:00,149.2093963623047,5983453
2022-07-15 15:30:00-04:00,150.25,10241300
2022-07-18 09:30:00-04:00,151.0,16319083
2022-07-18 10:30:00-04:00,150.89500427246094,6823699
2022-07-18 11:30:00-04:00,150.97999572753906,4899667
2022-07-18 12:30:00-04:00,150.47970581054688,4761594
2022-07-18 13:30:00-04:00,147.72000122070312,19953707
2022-07-18 14:30:00-04:00,147.17999267578125,9697707
2022-07-18 15:30:00-04:00,147.1300048828125,9044778
2022-07-19 09:30:00-04:00,148.4199981689453,18595280
2022-07-19 10:30:00-04:00,149.75,12515820
2022-07-19 11:30:00-04:00,149.80979919433594,6707738
2022-07-19 12:30:00-04:00,149.85000610351562,6900639
2022-07-19 13:30:00-04:00,150.59500122070312,7738583
2022-07-19 14:30:00-04:00,150.6199951171875,7326732
2022-07-19 15:30:00-04:00,150.97000122070312,10178911
2022-07-20 09:30:00-04:00,151.90499877929688,14860117
2022-07-20 10:30:00-04:00,153.25999450683594,11462665
2022-07-20 11:30:00-04:00,153.16000366210938,5912433
2022-07-20 12:30:00-04:00,152.71009826660156,6969738
2022-07-20 13:30:00-04:00,153.0590057373047,6117974
2022-07-20 14:30:00-04:00,153.5500030517578,6565448
2022-07-20 15:30:00-04:00,153.02999877929688,6562951
2022-07-21 09:30:00-04:00,152.3800048828125,17941601
2022-07-21 10:30:00-04:00,153.5850067138672,7264117
2022-07-21 11:30:00-04:00,154.9680938720703,7058342
2022-07-21 12:30:00-04:00,154.94000244140625,7272912
2022-07-21 13:30:00-04:00,155.343505859375,6020753
2022-07-21 14:30:00-04:00,154.97000122070312,6187612
2022-07-21 15:30:00-04:00,155.3800048828125,6195172
2022-07-22 09:30:00-04:00,155.5800018310547,15845709
2022-07-22 10:30:00-04:00,154.77000427246094,8968273
2022-07-22 11:30:00-04:00,154.38999938964844,7966151
2022-07-22 12:30:00-04:00,153.82000732421875,5993245
2022-07-22 13:30:00-04:00,153.75999450683594,5814830
2022-07-22 14:30:00-04:00,154.39999389648438,7122294
2022-07-22 15:30:00-04:00,154.13999938964844,8396047
2022-07-25 09:30:00-04:00,152.90499877929688,15691097
2022-07-25 10:30:00-04:00,153.05870056152344,7346778
2022-07-25 11:30:00-04:00,153.50999450683594,6006016
2022-07-25 12:30:00-04:00,153.55999755859375,4154752
2022-07-25 13:30:00-04:00,152.92959594726562,3521000
2022-07-25 14:30:00-04:00,152.5399932861328,5624615
2022-07-25 15:30:00-04:00,152.94900512695312,6328908
2022-07-26 09:30:00-04:00,151.73989868164062,13055121
2022-07-26 10:30:00-04:00,151.27000427246094,5391920
2022-07-26 11:30:00-04:00,151.3000030517578,5577018
2022-07-26 12:30:00-04:00,152.10000610351562,5025399
2022-07-26 13:30:00-04:00,151.6688995361328,5294755
2022-07-26 14:30:00-04:00,151.52000427246094,5971602
2022-07-26 15:30:00-04:00,151.55999755859375,6850864
2022-07-27 09:30:00-04:00,154.6999969482422,16858362
2022-07-27 10:30:00-04:00,153.77999877929688,6920956
2022-07-27 11:30:00-04:00,154.38499450683594,4980291
2022-07-27 12:30:00-04:00,154.4199981689453,5146967
2022-07-27 13:30:00-04:00,154.4550018310547,5937393
2022-07-27 14:30:00-04:00,157.28990173339844,13695565
2022-07-27 15:30:00-04:00,156.6999969482422,12040745
2022-07-28 09:30:00-04:00,154.80499267578125,14776155
2022-07-28 10:30:00-04:00,156.86000061035156,8411037
2022-07-28 11:30:00-04:00,156.99009704589844,8022180
2022-07-28 12:30:00-04:00,156.9705047607422,6134363
2022-07-28 13:30:00-04:00,156.85000610351562,7065494
2022-07-28 14:30:00-04:00,157.30499267578125,8404204
2022-07-28 15:30:00-04:00,157.3000030517578,9132645
2022-07-29 09:30:00-04:00,163.26510620117188,33140702
2022-07-29 10:30:00-04:00,160.9600067138672,13057284
2022-07-29 11:30:00-04:00,162.0399932861328,8886540
2022-07-29 12:30:00-04:00,162.2982940673828,7498924
2022-07-29 13:30:00-04:00,162.80999755859375,5999869
2022-07-29 14:30:00-04:00,163.06500244140625,7931504
2022-07-29 15:30:00-04:00,162.57000732421875,9065236
2022-08-01 09:30:00-04:00,162.4199981689453,17714092
2022-08-01 10:30:00-04:00,163.2958984375,8603080
2022-08-01 11:30:00-04:00,162.40960693359375,5586450
2022-08-01 12:30:00-04:00,161.5449981689453,5633706
2022-08-01 13:30:00-04:00,161.61000061035156,5945960
2022-08-01 14:30:00-04:00,161.55999755859375,6486134
2022-08-01 15:30:00-04:00,161.57000732421875,6124723
2022-08-02 09:30:00-04:00,160.5800018310547,14650886
2022-08-02 10:30:00-04:00,161.08999633789062,7281345
2022-08-02 11:30:00-04:00,162.3300018310547,5450372
2022-08-02 12:30:00-04:00,161.14999389648438,4535513
2022-08-02 13:30:00-04:00,160.94009399414062,7963335
2022-08-02 14:30:00-04:00,160.52720642089844,6288129
2022-08-02 15:30:00-04:00,159.99000549316406,6194674
